Interaction;Value;Percentage_Contribution
perctBB <-> diffPriceClose_VA16PvaH;80.6823;2.5043
perct_VA21P <-> bearish_absorption_intensity_repeat_count;66.6274;2.0681
perct_VA11P <-> bull_imbalance_high_0;66.3742;2.0602
deltaTimestampOpeningSection5min <-> finished_auction_high;65.6089;2.0365
diffPriceCloseVWAP <-> price_volume_dynamic;64.1621;1.9915
naked_poc_dist_above <-> bull_imbalance_high_0;61.4290;1.9067
bearish_dsc_ask_bid_imbalance <-> diffHighPrice_0_4;58.9022;1.8283
diffPriceClose_VA16PvaH <-> finished_auction_high;56.8032;1.7631
diffPriceClose_VA11PvaH <-> bearish_dsc_ask_bid_imbalance;56.6060;1.7570
bullish_repeatAskBid_ratio <-> bandWidthBB;55.9587;1.7369
bearish_absorption_intensity_repeat_count <-> price_volume_dynamic;55.7798;1.7314
bandWidthBB <-> bearish_combined_pressure;54.8667;1.7030
bearish_absorption_intensity_repeat_count <-> bearish_dsc_ask_bid_delta_imbalance;52.9744;1.6443
vol_volatility_score <-> diffPriceCloseVWAP;52.7761;1.6381
cumDiffVolDeltaRatio <-> finished_auction_high;52.1945;1.6201
bullish_dsc_ask_bid_delta_imbalance <-> bull_imbalance_high_0;47.5141;1.4748
perct_VA6P <-> bearish_dsc_ask_bid_delta_imbalance;45.8399;1.4228
bearish_absorption_intensity_repeat_count <-> bearish_market_context_score;45.2791;1.4054
bullish_repeatAskBid_ratio <-> vol_volatility_score;45.1261;1.4007
bullish_asc_ask_bid_delta_imbalance <-> bearish_dsc_ask_bid_imbalance;44.9095;1.3940
bearish_absorption_intensity_repeat_count <-> bullish_repeatAskBid_ratio;44.4818;1.3807
bearish_bid_score <-> perct_VA11P;44.4594;1.3800
diffPriceCloseVWAP <-> bearish_market_context_score;43.3591;1.3458
deltaTimestampOpeningSection5min <-> bearish_dsc_ask_bid_imbalance;43.0139;1.3351
diffVolCandle_0_1Ratio <-> bear_imbalance_high_3;41.5912;1.2910
cumDiffVolDeltaRatio <-> diffHighPrice_0_4;41.3412;1.2832
bullish_asc_ask_bid_delta_imbalance <-> perct_VA6P;41.1735;1.2780
diffVolCandle_0_1Ratio <-> naked_poc_dist_above;41.0658;1.2747
bear_imbalance_high_3 <-> bullish_ask_ratio;40.4146;1.2544
bullish_ask_ratio <-> bearish_repeatAskBid_ratio;38.4047;1.1921
bearish_bid_score <-> bearish_absorption_intensity_repeat_count;35.9521;1.1159
perctBB <-> perct_VA11P;35.1139;1.0899
bearish_absorption_intensity_repeat_count <-> naked_poc_dist_above;33.8609;1.0510
bear_imbalance_high_3 <-> price_volume_dynamic;33.8069;1.0493
perct_VA11P <-> diffVolCandle_0_1Ratio;32.6098;1.0122
bullish_asc_ask_bid_delta_imbalance <-> imbalance_score_low;32.3681;1.0047
perctBB <-> bearish_dsc_ask_bid_delta_imbalance;31.7597;0.9858
bullish_imnbScore_score <-> diffPriceClose_VA16PvaH;31.2388;0.9696
bearish_repeatAskBid_ratio <-> bear_imbalance_high_3;31.0318;0.9632
bearish_dsc_ask_bid_delta_imbalance <-> diffPriceClose_VA11PvaH;30.4751;0.9459
bullish_imnbScore_score <-> perct_VA11P;30.4366;0.9447
bullish_repeatAskBid_ratio <-> diffVolCandle_0_1Ratio;29.8360;0.9261
bullish_dsc_ask_bid_delta_imbalance <-> bear_imbalance_high_3;29.2948;0.9093
bearish_market_context_score <-> diffPriceClose_VA16PvaH;28.3808;0.8809
bearish_repeatAskBid_ratio <-> price_volume_dynamic;28.2365;0.8764
naked_poc_dist_above <-> range_strength_5_23;28.0156;0.8696
range_strength_5_23 <-> bull_imbalance_high_0;27.8635;0.8649
bearish_absorption_intensity_repeat_count <-> bullish_ask_score;27.7947;0.8627
poc_diff_ratio_6P_16P <-> bullish_dsc_ask_bid_delta_imbalance;27.5513;0.8552
cumDiffVolDeltaRatio <-> perct_VA11P;27.2974;0.8473
bullish_repeatAskBid_ratio <-> bullish_ask_ratio;27.0394;0.8393
bearish_repeatAskBid_ratio <-> bearish_imnbScore_score;26.2702;0.8154
bear_imbalance_high_3 <-> bearish_dsc_ask_bid_imbalance;26.1323;0.8111
bearish_dsc_ask_bid_delta_imbalance <-> deltaTimestampOpeningSection5min;26.0837;0.8096
bullish_asc_ask_bid_delta_imbalance <-> bear_imbalance_high_3;24.1949;0.7510
diffPriceCloseVWAP <-> bull_imbalance_high_0;23.9728;0.7441
deltaTimestampOpeningSection5min <-> bull_imbalance_high_0;23.3934;0.7261
bear_imbalance_high_3 <-> diffPriceCloseVWAP;23.1763;0.7194
bullish_repeatAskBid_ratio <-> perct_VA11P;22.9847;0.7134
bearish_repeatAskBid_ratio <-> diffHighPrice_0_4;22.6501;0.7030
deltaTimestampOpeningSection5min <-> bullish_imnbScore_score;22.5163;0.6989
diffPriceCloseVWAP <-> perctBB;22.0939;0.6858
VolPocVolCandleRatio <-> bearish_combined_pressure;22.0932;0.6858
bearish_absorption_intensity_repeat_count <-> vol_volatility_score;21.7191;0.6741
perct_VA11P <-> finished_auction_high;21.5682;0.6695
bullish_asc_ask_bid_delta_imbalance <-> bearish_market_context_score;21.5653;0.6694
bear_imbalance_high_3 <-> bearish_absorption_intensity_repeat_count;21.5296;0.6683
price_volume_dynamic <-> bearish_combined_pressure;21.3675;0.6632
bearish_repeatAskBid_ratio <-> bearish_dsc_ask_bid_imbalance;21.0860;0.6545
price_volume_dynamic <-> bearish_dsc_ask_bid_delta_imbalance;20.9906;0.6515
bandWidthBB <-> bull_imbalance_high_0;20.8917;0.6485
bearish_imnbScore_score <-> diffPriceCloseVWAP;19.3937;0.6020
bearish_asc_dynamics <-> bearish_imnbScore_score;19.0932;0.5926
bear_imbalance_high_3 <-> vol_volatility_score;18.4743;0.5734
diffVolCandle_0_1Ratio <-> diffPriceClose_VA16PvaH;18.0856;0.5614
bullish_imnbScore_score <-> bearish_absorption_intensity_repeat_count;18.0161;0.5592
vol_volatility_score <-> price_volume_dynamic;17.9054;0.5558
bearish_market_context_score <-> perct_VA21P;17.6138;0.5467
poc_diff_ratio_6P_16P <-> bear_imbalance_high_3;17.3666;0.5390
bullish_imnbScore_score <-> range_strength_5_23;17.0036;0.5278
range_strength_5_23 <-> diffHighPrice_0_4;16.9298;0.5255
diffPriceClose_VA16PvaH <-> bearish_repeatAskBid_ratio;15.7385;0.4885
perctBB <-> bearish_asc_dynamics;14.5095;0.4504
bandWidthBB <-> diffPriceCloseVWAP;14.4533;0.4486
perct_VA11P <-> poc_diff_ratio_6P_16P;14.0783;0.4370
bearish_repeatAskBid_ratio <-> bearish_dsc_ask_bid_delta_imbalance;13.9787;0.4339
bullish_repeatAskBid_ratio <-> cumDiffVolDeltaRatio;13.9612;0.4333
naked_poc_dist_above <-> bearish_bid_score;13.6176;0.4227
diffPriceCloseVWAP <-> bearish_dsc_ask_bid_imbalance;13.0596;0.4054
bandWidthBB <-> finished_auction_high;12.6704;0.3933
bearish_market_context_score <-> bearish_combined_pressure;12.3979;0.3848
bullish_repeatAskBid_ratio <-> range_strength_5_23;12.3504;0.3833
bullish_asc_ask_bid_delta_imbalance <-> perctBB;12.2266;0.3795
bear_imbalance_high_2 <-> deltaTimestampOpeningSection5min;11.5962;0.3599
bullish_dsc_ask_bid_delta_imbalance <-> diffPriceCloseVWAP;10.9624;0.3403
bull_imbalance_high_0 <-> bearish_absorption_intensity_repeat_count;10.8353;0.3363
bull_imbalance_high_0 <-> poc_diff_ratio_6P_16P;10.5574;0.3277
price_volume_dynamic <-> bullish_dsc_ask_bid_delta_imbalance;9.4695;0.2939
bearish_combined_pressure <-> bear_imbalance_high_3;9.0029;0.2794
bandWidthBB <-> bullish_ask_ratio;8.8811;0.2757
diffPriceCloseVWAP <-> perct_VA11P;8.6554;0.2687
perct_VA21P <-> range_strength_5_23;8.0135;0.2487
bear_imbalance_high_3 <-> diffHighPrice_0_4;7.9086;0.2455
perctBB <-> bearish_absorption_intensity_repeat_count;7.3683;0.2287
bearish_ask_abs_ratio_abv <-> bullish_repeatAskBid_ratio;7.1473;0.2218
bearish_market_context_score <-> bear_imbalance_high_3;7.0645;0.2193
naked_poc_dist_above <-> perct_VA21P;6.8845;0.2137
bearish_repeatAskBid_ratio <-> bearish_ask_abs_ratio_abv;6.5113;0.2021
perct_VA11P <-> bearish_market_context_score;6.4298;0.1996
bearish_dsc_ask_bid_delta_imbalance <-> bullish_asc_ask_bid_delta_imbalance;6.3058;0.1957
perct_VA11P <-> bearish_dsc_ask_bid_imbalance;5.9933;0.1860
diffHighPrice_0_4 <-> diffPriceCloseVWAP;5.7188;0.1775
bandWidthBB <-> bearish_repeatAskBid_ratio;5.4374;0.1688
bearish_combined_pressure <-> bearish_imnbScore_score;5.4181;0.1682
diffPriceClose_VA11PvaH <-> diffVolCandle_0_1Ratio;5.2218;0.1621
bearish_dsc_ask_bid_delta_imbalance <-> bandWidthBB;5.0625;0.1571
cumDiffVolDeltaRatio <-> diffPriceCloseVWAP;4.5734;0.1420
price_volume_dynamic <-> deltaTimestampOpeningSection5min;4.5266;0.1405
bullish_repeatAskBid_ratio <-> diffPriceClose_VA16PvaH;4.4522;0.1382
bullish_dsc_ask_bid_delta_imbalance <-> bullish_ask_ratio;4.4313;0.1375
bullish_asc_ask_bid_delta_imbalance <-> bearish_repeatAskBid_ratio;3.6139;0.1122
bearish_asc_dynamics <-> bearish_market_context_score;3.4424;0.1069
perct_VA11P <-> deltaTimestampOpeningSection5min;3.1804;0.0987
cumDiffVolDeltaRatio <-> perctBB;3.0038;0.0932
perct_VA21P <-> bearish_imnbScore_score;2.6447;0.0821
bearish_combined_pressure <-> bearish_repeatAskBid_ratio;2.4214;0.0752
bullish_repeatAskBid_ratio <-> bearish_repeatAskBid_ratio;2.4036;0.0746
price_volume_dynamic <-> diffPriceClose_VA16PvaH;2.1642;0.0672
cumDiffVolDeltaRatio <-> bearish_bid_score;1.7392;0.0540
bearish_bid_score <-> diffHighPrice_0_4;1.7113;0.0531
bearish_ask_abs_ratio_abv <-> bearish_absorption_intensity_repeat_count;1.6093;0.0500
bearish_repeatAskBid_ratio <-> vol_volatility_score;1.5583;0.0484
bearish_combined_pressure <-> bull_imbalance_high_0;1.4809;0.0460
deltaTimestampOpeningSection5min <-> imbalance_score_low;1.4361;0.0446
diffPriceCloseVWAP <-> bearish_repeatAskBid_ratio;1.3054;0.0405
diffPriceCloseVWAP <-> bearish_dsc_ask_bid_delta_imbalance;1.2400;0.0385
bearish_dsc_ask_bid_delta_imbalance <-> vol_volatility_score;0.8792;0.0273
diffPriceCloseVWAP <-> bear_imbalance_high_2;0.7552;0.0234
price_volume_dynamic <-> perct_VA11P;0.5537;0.0172
bandWidthBB <-> bearish_imnbScore_score;0.5262;0.0163
diffHighPrice_0_4 <-> vol_volatility_score;0.5104;0.0158
diffPriceClose_VA11PvaH <-> price_volume_dynamic;0.1236;0.0038
bearish_asc_dynamics <-> perct_VA6P;0.1036;0.0032
VolPocVolCandleRatio <-> finished_auction_high;0.0000;0.0000
bearish_bid_score <-> bandWidthBB;0.0000;0.0000
bearish_imnbScore_score <-> bearish_bid_score;0.0000;0.0000
bearish_bid_score <-> bear_imbalance_high_3;0.0000;0.0000
vol_volatility_score <-> bear_imbalance_high_2;0.0000;0.0000
bearish_bid_score <-> diffPriceClose_VA16PvaH;0.0000;0.0000
VolPocVolCandleRatio <-> bearish_dsc_ask_bid_delta_imbalance;0.0000;0.0000
bearish_imnbScore_score <-> perctBB;0.0000;0.0000
VolPocVolCandleRatio <-> vol_volatility_score;0.0000;0.0000
VolPocVolCandleRatio <-> diffPriceClose_VA11PvaH;0.0000;0.0000
bearish_imnbScore_score <-> imbalance_score_low;0.0000;0.0000
bearish_imnbScore_score <-> bear_imbalance_high_2;0.0000;0.0000
bearish_bid_score <-> bearish_combined_pressure;0.0000;0.0000
bearish_bid_score <-> range_strength_5_23;0.0000;0.0000
bearish_bid_score <-> diffVolCandle_0_1Ratio;0.0000;0.0000
vol_volatility_score <-> perctBB;0.0000;0.0000
bearish_bid_score <-> bull_imbalance_high_0;0.0000;0.0000
bearish_bid_score <-> bearish_repeatAskBid_ratio;0.0000;0.0000
bearish_bid_score <-> bullish_dsc_ask_bid_delta_imbalance;0.0000;0.0000
VolPocVolCandleRatio <-> bearish_bid_score;0.0000;0.0000
bullish_ask_score <-> bearish_dsc_ask_bid_delta_imbalance;0.0000;0.0000
bearish_bid_score <-> deltaTimestampOpeningSection5min;0.0000;0.0000
VolPocVolCandleRatio <-> bandWidthBB;0.0000;0.0000
bearish_bid_score <-> perct_VA6P;0.0000;0.0000
bearish_bid_score <-> bearish_asc_dynamics;0.0000;0.0000
bearish_bid_score <-> bullish_imnbScore_score;0.0000;0.0000
VolPocVolCandleRatio <-> bearish_absorption_intensity_repeat_count;0.0000;0.0000
VolPocVolCandleRatio <-> diffPriceClose_VA16PvaH;0.0000;0.0000
VolPocVolCandleRatio <-> bear_imbalance_high_3;0.0000;0.0000
bearish_bid_score <-> bullish_repeatAskBid_ratio;0.0000;0.0000
bearish_imnbScore_score <-> bearish_dsc_ask_bid_imbalance;0.0000;0.0000
bearish_bid_score <-> diffPriceClose_VA11PvaH;0.0000;0.0000
bearish_bid_score <-> finished_auction_high;0.0000;0.0000
bearish_bid_score <-> vol_volatility_score;0.0000;0.0000
bearish_bid_score <-> bullish_ask_score;0.0000;0.0000
bearish_imnbScore_score <-> diffPriceClose_VA11PvaH;0.0000;0.0000
bearish_imnbScore_score <-> diffPriceClose_VA16PvaH;0.0000;0.0000
bearish_imnbScore_score <-> bull_imbalance_high_0;0.0000;0.0000
bearish_imnbScore_score <-> bearish_market_context_score;0.0000;0.0000
bearish_imnbScore_score <-> naked_poc_dist_above;0.0000;0.0000
bearish_imnbScore_score <-> bullish_ask_ratio;0.0000;0.0000
bearish_imnbScore_score <-> bullish_asc_ask_bid_delta_imbalance;0.0000;0.0000
VolPocVolCandleRatio <-> range_strength_5_23;0.0000;0.0000
bearish_imnbScore_score <-> range_strength_5_23;0.0000;0.0000
bearish_imnbScore_score <-> diffVolCandle_0_1Ratio;0.0000;0.0000
bearish_imnbScore_score <-> vol_volatility_score;0.0000;0.0000
bearish_imnbScore_score <-> bullish_ask_score;0.0000;0.0000
VolPocVolCandleRatio <-> bullish_asc_ask_bid_delta_imbalance;0.0000;0.0000
VolPocVolCandleRatio <-> naked_poc_dist_above;0.0000;0.0000
bearish_imnbScore_score <-> bullish_dsc_ask_bid_delta_imbalance;0.0000;0.0000
VolPocVolCandleRatio <-> diffVolCandle_0_1Ratio;0.0000;0.0000
bearish_imnbScore_score <-> deltaTimestampOpeningSection5min;0.0000;0.0000
bearish_imnbScore_score <-> perct_VA6P;0.0000;0.0000
VolPocVolCandleRatio <-> perct_VA11P;0.0000;0.0000
vol_volatility_score <-> imbalance_score_low;0.0000;0.0000
VolPocVolCandleRatio <-> bearish_market_context_score;0.0000;0.0000
VolPocVolCandleRatio <-> perct_VA21P;0.0000;0.0000
bearish_imnbScore_score <-> cumDiffVolDeltaRatio;0.0000;0.0000
VolPocVolCandleRatio <-> diffPriceCloseVWAP;0.0000;0.0000
VolPocVolCandleRatio <-> diffHighPrice_0_4;0.0000;0.0000
bearish_imnbScore_score <-> bullish_imnbScore_score;0.0000;0.0000
bearish_imnbScore_score <-> finished_auction_high;0.0000;0.0000
bearish_bid_score <-> bullish_asc_ask_bid_delta_imbalance;0.0000;0.0000
bearish_imnbScore_score <-> bearish_ask_abs_ratio_abv;0.0000;0.0000
bearish_bid_score <-> bullish_ask_ratio;0.0000;0.0000
bearish_bid_score <-> bearish_dsc_ask_bid_imbalance;0.0000;0.0000
bearish_bid_score <-> bearish_ask_abs_ratio_abv;0.0000;0.0000
bearish_imnbScore_score <-> poc_diff_ratio_6P_16P;0.0000;0.0000
bearish_bid_score <-> price_volume_dynamic;0.0000;0.0000
bearish_bid_score <-> poc_diff_ratio_6P_16P;0.0000;0.0000
bearish_imnbScore_score <-> bullish_repeatAskBid_ratio;0.0000;0.0000
bearish_imnbScore_score <-> bear_imbalance_high_3;0.0000;0.0000
vol_volatility_score <-> bearish_dsc_ask_bid_imbalance;0.0000;0.0000
bearish_bid_score <-> bear_imbalance_high_2;0.0000;0.0000
VolPocVolCandleRatio <-> bullish_repeatAskBid_ratio;0.0000;0.0000
bearish_bid_score <-> imbalance_score_low;0.0000;0.0000
bearish_imnbScore_score <-> VolPocVolCandleRatio;0.0000;0.0000
bearish_imnbScore_score <-> diffHighPrice_0_4;0.0000;0.0000
VolPocVolCandleRatio <-> bullish_imnbScore_score;0.0000;0.0000
bearish_imnbScore_score <-> price_volume_dynamic;0.0000;0.0000
VolPocVolCandleRatio <-> bearish_asc_dynamics;0.0000;0.0000
VolPocVolCandleRatio <-> perct_VA6P;0.0000;0.0000
bearish_imnbScore_score <-> bearish_dsc_ask_bid_delta_imbalance;0.0000;0.0000
VolPocVolCandleRatio <-> deltaTimestampOpeningSection5min;0.0000;0.0000
VolPocVolCandleRatio <-> bullish_dsc_ask_bid_delta_imbalance;0.0000;0.0000
VolPocVolCandleRatio <-> bearish_repeatAskBid_ratio;0.0000;0.0000
bearish_imnbScore_score <-> bearish_absorption_intensity_repeat_count;0.0000;0.0000
bearish_imnbScore_score <-> perct_VA11P;0.0000;0.0000
VolPocVolCandleRatio <-> bull_imbalance_high_0;0.0000;0.0000
bearish_bid_score <-> perctBB;0.0000;0.0000
bandWidthBB <-> bear_imbalance_high_3;0.0000;0.0000
diffPriceClose_VA16PvaH <-> bull_imbalance_high_0;0.0000;0.0000
diffPriceClose_VA16PvaH <-> bearish_dsc_ask_bid_delta_imbalance;0.0000;0.0000
diffPriceClose_VA16PvaH <-> bearish_absorption_intensity_repeat_count;0.0000;0.0000
diffPriceClose_VA16PvaH <-> perct_VA11P;0.0000;0.0000
diffPriceClose_VA16PvaH <-> diffHighPrice_0_4;0.0000;0.0000
diffPriceClose_VA16PvaH <-> diffPriceCloseVWAP;0.0000;0.0000
diffPriceClose_VA16PvaH <-> perct_VA21P;0.0000;0.0000
bearish_combined_pressure <-> diffPriceClose_VA16PvaH;0.0000;0.0000
diffPriceClose_VA16PvaH <-> naked_poc_dist_above;0.0000;0.0000
diffPriceClose_VA16PvaH <-> bullish_asc_ask_bid_delta_imbalance;0.0000;0.0000
diffPriceClose_VA16PvaH <-> range_strength_5_23;0.0000;0.0000
bullish_ask_score <-> perct_VA11P;0.0000;0.0000
bearish_combined_pressure <-> vol_volatility_score;0.0000;0.0000
bearish_combined_pressure <-> finished_auction_high;0.0000;0.0000
bearish_combined_pressure <-> deltaTimestampOpeningSection5min;0.0000;0.0000
bearish_combined_pressure <-> diffPriceClose_VA11PvaH;0.0000;0.0000
diffPriceClose_VA16PvaH <-> bullish_dsc_ask_bid_delta_imbalance;0.0000;0.0000
diffPriceClose_VA16PvaH <-> deltaTimestampOpeningSection5min;0.0000;0.0000
diffPriceClose_VA16PvaH <-> perct_VA6P;0.0000;0.0000
diffPriceClose_VA16PvaH <-> bearish_asc_dynamics;0.0000;0.0000
bearish_combined_pressure <-> bullish_repeatAskBid_ratio;0.0000;0.0000
diffPriceClose_VA16PvaH <-> diffPriceClose_VA11PvaH;0.0000;0.0000
bearish_combined_pressure <-> bullish_imnbScore_score;0.0000;0.0000
diffPriceClose_VA16PvaH <-> vol_volatility_score;0.0000;0.0000
bearish_combined_pressure <-> bearish_asc_dynamics;0.0000;0.0000
bearish_combined_pressure <-> perct_VA6P;0.0000;0.0000
diffPriceClose_VA16PvaH <-> bear_imbalance_high_3;0.0000;0.0000
bear_imbalance_high_3 <-> imbalance_score_low;0.0000;0.0000
bearish_combined_pressure <-> bullish_ask_score;0.0000;0.0000
bearish_combined_pressure <-> cumDiffVolDeltaRatio;0.0000;0.0000
bearish_combined_pressure <-> bullish_ask_ratio;0.0000;0.0000
bear_imbalance_high_3 <-> range_strength_5_23;0.0000;0.0000
bear_imbalance_high_3 <-> naked_poc_dist_above;0.0000;0.0000
bear_imbalance_high_3 <-> deltaTimestampOpeningSection5min;0.0000;0.0000
bear_imbalance_high_3 <-> perct_VA6P;0.0000;0.0000
bear_imbalance_high_3 <-> perct_VA21P;0.0000;0.0000
bear_imbalance_high_3 <-> perct_VA11P;0.0000;0.0000
bear_imbalance_high_3 <-> bearish_asc_dynamics;0.0000;0.0000
bear_imbalance_high_3 <-> bullish_imnbScore_score;0.0000;0.0000
bear_imbalance_high_3 <-> bullish_repeatAskBid_ratio;0.0000;0.0000
bear_imbalance_high_3 <-> diffPriceClose_VA11PvaH;0.0000;0.0000
bear_imbalance_high_3 <-> finished_auction_high;0.0000;0.0000
bear_imbalance_high_3 <-> bearish_dsc_ask_bid_delta_imbalance;0.0000;0.0000
bearish_combined_pressure <-> bearish_dsc_ask_bid_imbalance;0.0000;0.0000
bear_imbalance_high_3 <-> bullish_ask_score;0.0000;0.0000
bearish_combined_pressure <-> imbalance_score_low;0.0000;0.0000
bearish_combined_pressure <-> bear_imbalance_high_2;0.0000;0.0000
bear_imbalance_high_3 <-> cumDiffVolDeltaRatio;0.0000;0.0000
bearish_combined_pressure <-> perctBB;0.0000;0.0000
bearish_combined_pressure <-> poc_diff_ratio_6P_16P;0.0000;0.0000
bear_imbalance_high_3 <-> bearish_ask_abs_ratio_abv;0.0000;0.0000
bearish_combined_pressure <-> bearish_ask_abs_ratio_abv;0.0000;0.0000
bear_imbalance_high_3 <-> perctBB;0.0000;0.0000
bear_imbalance_high_3 <-> bear_imbalance_high_2;0.0000;0.0000
bearish_combined_pressure <-> bullish_dsc_ask_bid_delta_imbalance;0.0000;0.0000
bearish_bid_score <-> bearish_market_context_score;0.0000;0.0000
VolPocVolCandleRatio <-> bearish_ask_abs_ratio_abv;0.0000;0.0000
VolPocVolCandleRatio <-> imbalance_score_low;0.0000;0.0000
bandWidthBB <-> bearish_asc_dynamics;0.0000;0.0000
bandWidthBB <-> bullish_imnbScore_score;0.0000;0.0000
VolPocVolCandleRatio <-> bear_imbalance_high_2;0.0000;0.0000
bandWidthBB <-> diffPriceClose_VA11PvaH;0.0000;0.0000
VolPocVolCandleRatio <-> perctBB;0.0000;0.0000
bandWidthBB <-> vol_volatility_score;0.0000;0.0000
bear_imbalance_high_3 <-> bull_imbalance_high_0;0.0000;0.0000
VolPocVolCandleRatio <-> poc_diff_ratio_6P_16P;0.0000;0.0000
bandWidthBB <-> diffPriceClose_VA16PvaH;0.0000;0.0000
VolPocVolCandleRatio <-> price_volume_dynamic;0.0000;0.0000
bandWidthBB <-> bullish_ask_score;0.0000;0.0000
bandWidthBB <-> cumDiffVolDeltaRatio;0.0000;0.0000
VolPocVolCandleRatio <-> bullish_ask_ratio;0.0000;0.0000
bandWidthBB <-> bearish_ask_abs_ratio_abv;0.0000;0.0000
bandWidthBB <-> price_volume_dynamic;0.0000;0.0000
bandWidthBB <-> poc_diff_ratio_6P_16P;0.0000;0.0000
bandWidthBB <-> perctBB;0.0000;0.0000
VolPocVolCandleRatio <-> cumDiffVolDeltaRatio;0.0000;0.0000
bandWidthBB <-> bear_imbalance_high_2;0.0000;0.0000
bandWidthBB <-> imbalance_score_low;0.0000;0.0000
bandWidthBB <-> bearish_dsc_ask_bid_imbalance;0.0000;0.0000
bearish_bid_score <-> bearish_dsc_ask_bid_delta_imbalance;0.0000;0.0000
VolPocVolCandleRatio <-> bullish_ask_score;0.0000;0.0000
bearish_bid_score <-> diffPriceCloseVWAP;0.0000;0.0000
bearish_bid_score <-> perct_VA21P;0.0000;0.0000
bandWidthBB <-> perct_VA6P;0.0000;0.0000
bandWidthBB <-> deltaTimestampOpeningSection5min;0.0000;0.0000
bandWidthBB <-> bullish_dsc_ask_bid_delta_imbalance;0.0000;0.0000
VolPocVolCandleRatio <-> bearish_dsc_ask_bid_imbalance;0.0000;0.0000
diffPriceClose_VA16PvaH <-> bullish_ask_score;0.0000;0.0000
diffPriceClose_VA16PvaH <-> cumDiffVolDeltaRatio;0.0000;0.0000
diffPriceClose_VA16PvaH <-> bullish_ask_ratio;0.0000;0.0000
bearish_combined_pressure <-> diffVolCandle_0_1Ratio;0.0000;0.0000
bearish_combined_pressure <-> range_strength_5_23;0.0000;0.0000
diffPriceClose_VA16PvaH <-> bearish_ask_abs_ratio_abv;0.0000;0.0000
bearish_combined_pressure <-> bullish_asc_ask_bid_delta_imbalance;0.0000;0.0000
diffPriceClose_VA16PvaH <-> poc_diff_ratio_6P_16P;0.0000;0.0000
bearish_combined_pressure <-> naked_poc_dist_above;0.0000;0.0000
bearish_combined_pressure <-> perct_VA21P;0.0000;0.0000
diffPriceClose_VA16PvaH <-> bear_imbalance_high_2;0.0000;0.0000
diffPriceClose_VA16PvaH <-> imbalance_score_low;0.0000;0.0000
diffPriceClose_VA16PvaH <-> bearish_dsc_ask_bid_imbalance;0.0000;0.0000
bandWidthBB <-> bearish_absorption_intensity_repeat_count;0.0000;0.0000
bearish_combined_pressure <-> diffPriceCloseVWAP;0.0000;0.0000
bandWidthBB <-> perct_VA11P;0.0000;0.0000
bearish_combined_pressure <-> diffHighPrice_0_4;0.0000;0.0000
bearish_combined_pressure <-> perct_VA11P;0.0000;0.0000
bearish_combined_pressure <-> bearish_absorption_intensity_repeat_count;0.0000;0.0000
bandWidthBB <-> diffHighPrice_0_4;0.0000;0.0000
bandWidthBB <-> perct_VA21P;0.0000;0.0000
bandWidthBB <-> bearish_market_context_score;0.0000;0.0000
bandWidthBB <-> naked_poc_dist_above;0.0000;0.0000
bandWidthBB <-> bullish_asc_ask_bid_delta_imbalance;0.0000;0.0000
bearish_combined_pressure <-> bearish_dsc_ask_bid_delta_imbalance;0.0000;0.0000
bandWidthBB <-> range_strength_5_23;0.0000;0.0000
bandWidthBB <-> diffVolCandle_0_1Ratio;0.0000;0.0000
bullish_ask_score <-> diffHighPrice_0_4;0.0000;0.0000
bear_imbalance_high_2 <-> bearish_dsc_ask_bid_delta_imbalance;0.0000;0.0000
perctBB <-> imbalance_score_low;0.0000;0.0000
perctBB <-> bear_imbalance_high_2;0.0000;0.0000
perctBB <-> poc_diff_ratio_6P_16P;0.0000;0.0000
perctBB <-> price_volume_dynamic;0.0000;0.0000
perctBB <-> bearish_ask_abs_ratio_abv;0.0000;0.0000
perctBB <-> bullish_ask_ratio;0.0000;0.0000
perctBB <-> bullish_ask_score;0.0000;0.0000
perctBB <-> finished_auction_high;0.0000;0.0000
perctBB <-> diffPriceClose_VA11PvaH;0.0000;0.0000
perctBB <-> bearish_dsc_ask_bid_imbalance;0.0000;0.0000
bear_imbalance_high_2 <-> bearish_absorption_intensity_repeat_count;0.0000;0.0000
perctBB <-> bullish_imnbScore_score;0.0000;0.0000
bear_imbalance_high_2 <-> perct_VA11P;0.0000;0.0000
bear_imbalance_high_2 <-> finished_auction_high;0.0000;0.0000
bear_imbalance_high_2 <-> diffPriceClose_VA11PvaH;0.0000;0.0000
bear_imbalance_high_2 <-> bullish_repeatAskBid_ratio;0.0000;0.0000
bear_imbalance_high_2 <-> bullish_imnbScore_score;0.0000;0.0000
bear_imbalance_high_2 <-> bearish_asc_dynamics;0.0000;0.0000
bear_imbalance_high_2 <-> perct_VA6P;0.0000;0.0000
bear_imbalance_high_2 <-> bullish_dsc_ask_bid_delta_imbalance;0.0000;0.0000
bear_imbalance_high_2 <-> bearish_repeatAskBid_ratio;0.0000;0.0000
bear_imbalance_high_2 <-> bull_imbalance_high_0;0.0000;0.0000
bear_imbalance_high_2 <-> diffVolCandle_0_1Ratio;0.0000;0.0000
bear_imbalance_high_2 <-> range_strength_5_23;0.0000;0.0000
bear_imbalance_high_2 <-> bullish_asc_ask_bid_delta_imbalance;0.0000;0.0000
bear_imbalance_high_2 <-> naked_poc_dist_above;0.0000;0.0000
bear_imbalance_high_2 <-> bearish_market_context_score;0.0000;0.0000
bear_imbalance_high_2 <-> perct_VA21P;0.0000;0.0000
bear_imbalance_high_2 <-> diffHighPrice_0_4;0.0000;0.0000
perctBB <-> bullish_repeatAskBid_ratio;0.0000;0.0000
perctBB <-> perct_VA6P;0.0000;0.0000
poc_diff_ratio_6P_16P <-> vol_volatility_score;0.0000;0.0000
poc_diff_ratio_6P_16P <-> finished_auction_high;0.0000;0.0000
poc_diff_ratio_6P_16P <-> diffPriceClose_VA11PvaH;0.0000;0.0000
poc_diff_ratio_6P_16P <-> bullish_repeatAskBid_ratio;0.0000;0.0000
poc_diff_ratio_6P_16P <-> bullish_imnbScore_score;0.0000;0.0000
poc_diff_ratio_6P_16P <-> bearish_asc_dynamics;0.0000;0.0000
poc_diff_ratio_6P_16P <-> perct_VA6P;0.0000;0.0000
poc_diff_ratio_6P_16P <-> deltaTimestampOpeningSection5min;0.0000;0.0000
poc_diff_ratio_6P_16P <-> bearish_repeatAskBid_ratio;0.0000;0.0000
poc_diff_ratio_6P_16P <-> diffVolCandle_0_1Ratio;0.0000;0.0000
poc_diff_ratio_6P_16P <-> range_strength_5_23;0.0000;0.0000
poc_diff_ratio_6P_16P <-> bullish_asc_ask_bid_delta_imbalance;0.0000;0.0000
poc_diff_ratio_6P_16P <-> naked_poc_dist_above;0.0000;0.0000
poc_diff_ratio_6P_16P <-> bullish_ask_score;0.0000;0.0000
perctBB <-> deltaTimestampOpeningSection5min;0.0000;0.0000
poc_diff_ratio_6P_16P <-> cumDiffVolDeltaRatio;0.0000;0.0000
perctBB <-> bullish_dsc_ask_bid_delta_imbalance;0.0000;0.0000
perctBB <-> bearish_repeatAskBid_ratio;0.0000;0.0000
perctBB <-> bull_imbalance_high_0;0.0000;0.0000
perctBB <-> diffVolCandle_0_1Ratio;0.0000;0.0000
perctBB <-> range_strength_5_23;0.0000;0.0000
perctBB <-> naked_poc_dist_above;0.0000;0.0000
perctBB <-> bearish_market_context_score;0.0000;0.0000
perctBB <-> perct_VA21P;0.0000;0.0000
perctBB <-> diffHighPrice_0_4;0.0000;0.0000
poc_diff_ratio_6P_16P <-> bearish_dsc_ask_bid_imbalance;0.0000;0.0000
poc_diff_ratio_6P_16P <-> imbalance_score_low;0.0000;0.0000
poc_diff_ratio_6P_16P <-> bear_imbalance_high_2;0.0000;0.0000
poc_diff_ratio_6P_16P <-> price_volume_dynamic;0.0000;0.0000
poc_diff_ratio_6P_16P <-> bearish_ask_abs_ratio_abv;0.0000;0.0000
poc_diff_ratio_6P_16P <-> bullish_ask_ratio;0.0000;0.0000
poc_diff_ratio_6P_16P <-> perct_VA21P;0.0000;0.0000
bearish_dsc_ask_bid_imbalance <-> bearish_asc_dynamics;0.0000;0.0000
bearish_dsc_ask_bid_imbalance <-> bullish_dsc_ask_bid_delta_imbalance;0.0000;0.0000
bearish_dsc_ask_bid_imbalance <-> bull_imbalance_high_0;0.0000;0.0000
bearish_dsc_ask_bid_imbalance <-> diffVolCandle_0_1Ratio;0.0000;0.0000
bearish_dsc_ask_bid_imbalance <-> range_strength_5_23;0.0000;0.0000
bearish_dsc_ask_bid_imbalance <-> naked_poc_dist_above;0.0000;0.0000
bearish_dsc_ask_bid_imbalance <-> bearish_market_context_score;0.0000;0.0000
bearish_dsc_ask_bid_imbalance <-> perct_VA21P;0.0000;0.0000
bearish_dsc_ask_bid_imbalance <-> bearish_absorption_intensity_repeat_count;0.0000;0.0000
bearish_dsc_ask_bid_imbalance <-> bearish_dsc_ask_bid_delta_imbalance;0.0000;0.0000
imbalance_score_low <-> bearish_dsc_ask_bid_imbalance;0.0000;0.0000
imbalance_score_low <-> bear_imbalance_high_2;0.0000;0.0000
imbalance_score_low <-> price_volume_dynamic;0.0000;0.0000
imbalance_score_low <-> bearish_ask_abs_ratio_abv;0.0000;0.0000
imbalance_score_low <-> bullish_ask_ratio;0.0000;0.0000
bearish_dsc_ask_bid_imbalance <-> perct_VA6P;0.0000;0.0000
bearish_dsc_ask_bid_imbalance <-> bullish_imnbScore_score;0.0000;0.0000
imbalance_score_low <-> bullish_ask_score;0.0000;0.0000
bearish_dsc_ask_bid_imbalance <-> bullish_repeatAskBid_ratio;0.0000;0.0000
bearish_dsc_ask_bid_imbalance <-> bear_imbalance_high_2;0.0000;0.0000
bearish_dsc_ask_bid_imbalance <-> price_volume_dynamic;0.0000;0.0000
bearish_dsc_ask_bid_imbalance <-> bearish_ask_abs_ratio_abv;0.0000;0.0000
bearish_dsc_ask_bid_imbalance <-> bullish_ask_ratio;0.0000;0.0000
bearish_dsc_ask_bid_imbalance <-> cumDiffVolDeltaRatio;0.0000;0.0000
bearish_dsc_ask_bid_imbalance <-> bullish_ask_score;0.0000;0.0000
bearish_dsc_ask_bid_imbalance <-> finished_auction_high;0.0000;0.0000
imbalance_score_low <-> cumDiffVolDeltaRatio;0.0000;0.0000
imbalance_score_low <-> perct_VA21P;0.0000;0.0000
imbalance_score_low <-> diffHighPrice_0_4;0.0000;0.0000
imbalance_score_low <-> perct_VA11P;0.0000;0.0000
imbalance_score_low <-> bearish_absorption_intensity_repeat_count;0.0000;0.0000
imbalance_score_low <-> bearish_dsc_ask_bid_delta_imbalance;0.0000;0.0000
bear_imbalance_high_2 <-> price_volume_dynamic;0.0000;0.0000
bear_imbalance_high_2 <-> bearish_ask_abs_ratio_abv;0.0000;0.0000
bear_imbalance_high_2 <-> bullish_ask_ratio;0.0000;0.0000
bear_imbalance_high_2 <-> cumDiffVolDeltaRatio;0.0000;0.0000
bear_imbalance_high_2 <-> bullish_ask_score;0.0000;0.0000
imbalance_score_low <-> diffPriceCloseVWAP;0.0000;0.0000
imbalance_score_low <-> bearish_market_context_score;0.0000;0.0000
imbalance_score_low <-> naked_poc_dist_above;0.0000;0.0000
imbalance_score_low <-> finished_auction_high;0.0000;0.0000
imbalance_score_low <-> diffPriceClose_VA11PvaH;0.0000;0.0000
imbalance_score_low <-> bullish_repeatAskBid_ratio;0.0000;0.0000
imbalance_score_low <-> bullish_imnbScore_score;0.0000;0.0000
imbalance_score_low <-> bearish_asc_dynamics;0.0000;0.0000
imbalance_score_low <-> perct_VA6P;0.0000;0.0000
imbalance_score_low <-> bullish_dsc_ask_bid_delta_imbalance;0.0000;0.0000
imbalance_score_low <-> bearish_repeatAskBid_ratio;0.0000;0.0000
imbalance_score_low <-> bull_imbalance_high_0;0.0000;0.0000
imbalance_score_low <-> diffVolCandle_0_1Ratio;0.0000;0.0000
imbalance_score_low <-> range_strength_5_23;0.0000;0.0000
poc_diff_ratio_6P_16P <-> bearish_market_context_score;0.0000;0.0000
poc_diff_ratio_6P_16P <-> diffPriceCloseVWAP;0.0000;0.0000
bullish_ask_score <-> diffPriceCloseVWAP;0.0000;0.0000
cumDiffVolDeltaRatio <-> price_volume_dynamic;0.0000;0.0000
cumDiffVolDeltaRatio <-> bullish_ask_ratio;0.0000;0.0000
cumDiffVolDeltaRatio <-> bullish_ask_score;0.0000;0.0000
cumDiffVolDeltaRatio <-> vol_volatility_score;0.0000;0.0000
cumDiffVolDeltaRatio <-> diffPriceClose_VA11PvaH;0.0000;0.0000
cumDiffVolDeltaRatio <-> bullish_imnbScore_score;0.0000;0.0000
cumDiffVolDeltaRatio <-> bearish_asc_dynamics;0.0000;0.0000
cumDiffVolDeltaRatio <-> perct_VA6P;0.0000;0.0000
cumDiffVolDeltaRatio <-> deltaTimestampOpeningSection5min;0.0000;0.0000
cumDiffVolDeltaRatio <-> bullish_dsc_ask_bid_delta_imbalance;0.0000;0.0000
cumDiffVolDeltaRatio <-> bearish_repeatAskBid_ratio;0.0000;0.0000
cumDiffVolDeltaRatio <-> bull_imbalance_high_0;0.0000;0.0000
cumDiffVolDeltaRatio <-> bearish_ask_abs_ratio_abv;0.0000;0.0000
cumDiffVolDeltaRatio <-> range_strength_5_23;0.0000;0.0000
bullish_ask_ratio <-> bearish_asc_dynamics;0.0000;0.0000
bullish_ask_ratio <-> perct_VA6P;0.0000;0.0000
bullish_ask_ratio <-> deltaTimestampOpeningSection5min;0.0000;0.0000
bullish_ask_ratio <-> bull_imbalance_high_0;0.0000;0.0000
bullish_ask_ratio <-> diffVolCandle_0_1Ratio;0.0000;0.0000
bullish_ask_ratio <-> range_strength_5_23;0.0000;0.0000
bullish_ask_ratio <-> bullish_asc_ask_bid_delta_imbalance;0.0000;0.0000
bullish_ask_ratio <-> naked_poc_dist_above;0.0000;0.0000
bullish_ask_ratio <-> bearish_market_context_score;0.0000;0.0000
bullish_ask_ratio <-> perct_VA21P;0.0000;0.0000
bullish_ask_ratio <-> diffPriceCloseVWAP;0.0000;0.0000
bullish_ask_ratio <-> diffHighPrice_0_4;0.0000;0.0000
bullish_ask_ratio <-> perct_VA11P;0.0000;0.0000
bullish_ask_ratio <-> bearish_absorption_intensity_repeat_count;0.0000;0.0000
bullish_ask_ratio <-> bearish_dsc_ask_bid_delta_imbalance;0.0000;0.0000
cumDiffVolDeltaRatio <-> diffVolCandle_0_1Ratio;0.0000;0.0000
cumDiffVolDeltaRatio <-> bullish_asc_ask_bid_delta_imbalance;0.0000;0.0000
bullish_ask_ratio <-> diffPriceClose_VA11PvaH;0.0000;0.0000
bullish_ask_score <-> vol_volatility_score;0.0000;0.0000
bullish_ask_score <-> finished_auction_high;0.0000;0.0000
bullish_ask_score <-> diffPriceClose_VA11PvaH;0.0000;0.0000
bullish_ask_score <-> bullish_repeatAskBid_ratio;0.0000;0.0000
bullish_ask_score <-> bullish_imnbScore_score;0.0000;0.0000
bullish_ask_score <-> bearish_asc_dynamics;0.0000;0.0000
bullish_ask_score <-> perct_VA6P;0.0000;0.0000
bullish_ask_score <-> deltaTimestampOpeningSection5min;0.0000;0.0000
bullish_ask_score <-> bullish_dsc_ask_bid_delta_imbalance;0.0000;0.0000
bullish_ask_score <-> bearish_repeatAskBid_ratio;0.0000;0.0000
bullish_ask_score <-> bull_imbalance_high_0;0.0000;0.0000
bullish_ask_score <-> diffVolCandle_0_1Ratio;0.0000;0.0000
bullish_ask_score <-> range_strength_5_23;0.0000;0.0000
bullish_ask_score <-> bullish_asc_ask_bid_delta_imbalance;0.0000;0.0000
bullish_ask_score <-> naked_poc_dist_above;0.0000;0.0000
bullish_ask_score <-> bearish_market_context_score;0.0000;0.0000
bullish_ask_score <-> perct_VA21P;0.0000;0.0000
cumDiffVolDeltaRatio <-> naked_poc_dist_above;0.0000;0.0000
cumDiffVolDeltaRatio <-> bearish_market_context_score;0.0000;0.0000
cumDiffVolDeltaRatio <-> perct_VA21P;0.0000;0.0000
cumDiffVolDeltaRatio <-> bearish_absorption_intensity_repeat_count;0.0000;0.0000
cumDiffVolDeltaRatio <-> bearish_dsc_ask_bid_delta_imbalance;0.0000;0.0000
bullish_ask_score <-> price_volume_dynamic;0.0000;0.0000
bullish_ask_score <-> bearish_ask_abs_ratio_abv;0.0000;0.0000
bullish_ask_score <-> bullish_ask_ratio;0.0000;0.0000
bullish_ask_ratio <-> bullish_imnbScore_score;0.0000;0.0000
bullish_ask_ratio <-> finished_auction_high;0.0000;0.0000
poc_diff_ratio_6P_16P <-> diffHighPrice_0_4;0.0000;0.0000
price_volume_dynamic <-> bearish_asc_dynamics;0.0000;0.0000
price_volume_dynamic <-> bull_imbalance_high_0;0.0000;0.0000
price_volume_dynamic <-> diffVolCandle_0_1Ratio;0.0000;0.0000
price_volume_dynamic <-> range_strength_5_23;0.0000;0.0000
price_volume_dynamic <-> bullish_asc_ask_bid_delta_imbalance;0.0000;0.0000
price_volume_dynamic <-> naked_poc_dist_above;0.0000;0.0000
price_volume_dynamic <-> bearish_market_context_score;0.0000;0.0000
price_volume_dynamic <-> perct_VA21P;0.0000;0.0000
price_volume_dynamic <-> diffHighPrice_0_4;0.0000;0.0000
bearish_ask_abs_ratio_abv <-> price_volume_dynamic;0.0000;0.0000
bearish_ask_abs_ratio_abv <-> bullish_ask_ratio;0.0000;0.0000
price_volume_dynamic <-> perct_VA6P;0.0000;0.0000
price_volume_dynamic <-> bullish_imnbScore_score;0.0000;0.0000
price_volume_dynamic <-> bullish_repeatAskBid_ratio;0.0000;0.0000
poc_diff_ratio_6P_16P <-> bearish_absorption_intensity_repeat_count;0.0000;0.0000
poc_diff_ratio_6P_16P <-> bearish_dsc_ask_bid_delta_imbalance;0.0000;0.0000
price_volume_dynamic <-> bullish_ask_ratio;0.0000;0.0000
price_volume_dynamic <-> finished_auction_high;0.0000;0.0000
bullish_ask_ratio <-> vol_volatility_score;0.0000;0.0000
bearish_ask_abs_ratio_abv <-> diffPriceCloseVWAP;0.0000;0.0000
bearish_ask_abs_ratio_abv <-> perct_VA11P;0.0000;0.0000
bearish_ask_abs_ratio_abv <-> bearish_dsc_ask_bid_delta_imbalance;0.0000;0.0000
bearish_ask_abs_ratio_abv <-> diffHighPrice_0_4;0.0000;0.0000
bearish_ask_abs_ratio_abv <-> perct_VA21P;0.0000;0.0000
bearish_ask_abs_ratio_abv <-> bearish_market_context_score;0.0000;0.0000
bearish_ask_abs_ratio_abv <-> vol_volatility_score;0.0000;0.0000
bearish_ask_abs_ratio_abv <-> finished_auction_high;0.0000;0.0000
bearish_ask_abs_ratio_abv <-> diffPriceClose_VA11PvaH;0.0000;0.0000
bearish_ask_abs_ratio_abv <-> bullish_imnbScore_score;0.0000;0.0000
bearish_ask_abs_ratio_abv <-> bearish_asc_dynamics;0.0000;0.0000
bearish_ask_abs_ratio_abv <-> perct_VA6P;0.0000;0.0000
bearish_ask_abs_ratio_abv <-> deltaTimestampOpeningSection5min;0.0000;0.0000
bearish_ask_abs_ratio_abv <-> bullish_dsc_ask_bid_delta_imbalance;0.0000;0.0000
bearish_ask_abs_ratio_abv <-> bull_imbalance_high_0;0.0000;0.0000
bearish_ask_abs_ratio_abv <-> diffVolCandle_0_1Ratio;0.0000;0.0000
bearish_ask_abs_ratio_abv <-> range_strength_5_23;0.0000;0.0000
bearish_ask_abs_ratio_abv <-> bullish_asc_ask_bid_delta_imbalance;0.0000;0.0000
bearish_ask_abs_ratio_abv <-> naked_poc_dist_above;0.0000;0.0000
naked_poc_dist_above <-> vol_volatility_score;0.0000;0.0000
naked_poc_dist_above <-> finished_auction_high;0.0000;0.0000
naked_poc_dist_above <-> diffPriceClose_VA11PvaH;0.0000;0.0000
bullish_asc_ask_bid_delta_imbalance <-> bearish_absorption_intensity_repeat_count;0.0000;0.0000
naked_poc_dist_above <-> bullish_imnbScore_score;0.0000;0.0000
bullish_asc_ask_bid_delta_imbalance <-> perct_VA11P;0.0000;0.0000
bullish_asc_ask_bid_delta_imbalance <-> vol_volatility_score;0.0000;0.0000
bullish_asc_ask_bid_delta_imbalance <-> finished_auction_high;0.0000;0.0000
bullish_asc_ask_bid_delta_imbalance <-> diffPriceClose_VA11PvaH;0.0000;0.0000
bullish_asc_ask_bid_delta_imbalance <-> bullish_repeatAskBid_ratio;0.0000;0.0000
bullish_asc_ask_bid_delta_imbalance <-> bullish_imnbScore_score;0.0000;0.0000
bullish_asc_ask_bid_delta_imbalance <-> bearish_asc_dynamics;0.0000;0.0000
bullish_asc_ask_bid_delta_imbalance <-> deltaTimestampOpeningSection5min;0.0000;0.0000
bullish_asc_ask_bid_delta_imbalance <-> bullish_dsc_ask_bid_delta_imbalance;0.0000;0.0000
bullish_asc_ask_bid_delta_imbalance <-> bull_imbalance_high_0;0.0000;0.0000
bullish_asc_ask_bid_delta_imbalance <-> diffVolCandle_0_1Ratio;0.0000;0.0000
bullish_asc_ask_bid_delta_imbalance <-> range_strength_5_23;0.0000;0.0000
bullish_asc_ask_bid_delta_imbalance <-> naked_poc_dist_above;0.0000;0.0000
bullish_asc_ask_bid_delta_imbalance <-> perct_VA21P;0.0000;0.0000
bullish_asc_ask_bid_delta_imbalance <-> diffPriceCloseVWAP;0.0000;0.0000
bullish_asc_ask_bid_delta_imbalance <-> diffHighPrice_0_4;0.0000;0.0000
naked_poc_dist_above <-> bullish_repeatAskBid_ratio;0.0000;0.0000
naked_poc_dist_above <-> bearish_asc_dynamics;0.0000;0.0000
bearish_market_context_score <-> vol_volatility_score;0.0000;0.0000
bearish_market_context_score <-> finished_auction_high;0.0000;0.0000
bearish_market_context_score <-> diffPriceClose_VA11PvaH;0.0000;0.0000
bearish_market_context_score <-> bullish_repeatAskBid_ratio;0.0000;0.0000
bearish_market_context_score <-> bullish_imnbScore_score;0.0000;0.0000
bearish_market_context_score <-> perct_VA6P;0.0000;0.0000
bearish_market_context_score <-> deltaTimestampOpeningSection5min;0.0000;0.0000
bearish_market_context_score <-> bullish_dsc_ask_bid_delta_imbalance;0.0000;0.0000
bearish_market_context_score <-> bearish_repeatAskBid_ratio;0.0000;0.0000
bearish_market_context_score <-> bull_imbalance_high_0;0.0000;0.0000
bearish_market_context_score <-> diffVolCandle_0_1Ratio;0.0000;0.0000
bearish_market_context_score <-> range_strength_5_23;0.0000;0.0000
bearish_market_context_score <-> naked_poc_dist_above;0.0000;0.0000
naked_poc_dist_above <-> perct_VA6P;0.0000;0.0000
naked_poc_dist_above <-> deltaTimestampOpeningSection5min;0.0000;0.0000
naked_poc_dist_above <-> bullish_dsc_ask_bid_delta_imbalance;0.0000;0.0000
naked_poc_dist_above <-> bearish_repeatAskBid_ratio;0.0000;0.0000
naked_poc_dist_above <-> diffPriceCloseVWAP;0.0000;0.0000
naked_poc_dist_above <-> diffHighPrice_0_4;0.0000;0.0000
naked_poc_dist_above <-> perct_VA11P;0.0000;0.0000
naked_poc_dist_above <-> bearish_dsc_ask_bid_delta_imbalance;0.0000;0.0000
bull_imbalance_high_0 <-> bearish_repeatAskBid_ratio;0.0000;0.0000
diffVolCandle_0_1Ratio <-> vol_volatility_score;0.0000;0.0000
diffVolCandle_0_1Ratio <-> finished_auction_high;0.0000;0.0000
diffVolCandle_0_1Ratio <-> bullish_imnbScore_score;0.0000;0.0000
diffVolCandle_0_1Ratio <-> bearish_asc_dynamics;0.0000;0.0000
diffVolCandle_0_1Ratio <-> perct_VA6P;0.0000;0.0000
diffVolCandle_0_1Ratio <-> deltaTimestampOpeningSection5min;0.0000;0.0000
diffVolCandle_0_1Ratio <-> bullish_dsc_ask_bid_delta_imbalance;0.0000;0.0000
diffVolCandle_0_1Ratio <-> bearish_repeatAskBid_ratio;0.0000;0.0000
diffVolCandle_0_1Ratio <-> bull_imbalance_high_0;0.0000;0.0000
diffVolCandle_0_1Ratio <-> range_strength_5_23;0.0000;0.0000
diffVolCandle_0_1Ratio <-> perct_VA21P;0.0000;0.0000
diffVolCandle_0_1Ratio <-> diffPriceCloseVWAP;0.0000;0.0000
diffVolCandle_0_1Ratio <-> diffHighPrice_0_4;0.0000;0.0000
diffVolCandle_0_1Ratio <-> bearish_absorption_intensity_repeat_count;0.0000;0.0000
bull_imbalance_high_0 <-> perct_VA21P;0.0000;0.0000
bull_imbalance_high_0 <-> diffHighPrice_0_4;0.0000;0.0000
bull_imbalance_high_0 <-> bearish_dsc_ask_bid_delta_imbalance;0.0000;0.0000
diffVolCandle_0_1Ratio <-> bearish_dsc_ask_bid_delta_imbalance;0.0000;0.0000
range_strength_5_23 <-> deltaTimestampOpeningSection5min;0.0000;0.0000
range_strength_5_23 <-> bearish_repeatAskBid_ratio;0.0000;0.0000
range_strength_5_23 <-> diffPriceCloseVWAP;0.0000;0.0000
range_strength_5_23 <-> perct_VA11P;0.0000;0.0000
range_strength_5_23 <-> bearish_absorption_intensity_repeat_count;0.0000;0.0000
range_strength_5_23 <-> bearish_dsc_ask_bid_delta_imbalance;0.0000;0.0000
range_strength_5_23 <-> bullish_dsc_ask_bid_delta_imbalance;0.0000;0.0000
range_strength_5_23 <-> perct_VA6P;0.0000;0.0000
range_strength_5_23 <-> bearish_asc_dynamics;0.0000;0.0000
range_strength_5_23 <-> vol_volatility_score;0.0000;0.0000
range_strength_5_23 <-> finished_auction_high;0.0000;0.0000
range_strength_5_23 <-> diffPriceClose_VA11PvaH;0.0000;0.0000
bearish_market_context_score <-> diffHighPrice_0_4;0.0000;0.0000
bearish_market_context_score <-> bearish_dsc_ask_bid_delta_imbalance;0.0000;0.0000
perct_VA11P <-> bearish_repeatAskBid_ratio;0.0000;0.0000
perct_VA11P <-> perct_VA21P;0.0000;0.0000
perct_VA11P <-> diffHighPrice_0_4;0.0000;0.0000
perct_VA11P <-> bearish_absorption_intensity_repeat_count;0.0000;0.0000
perct_VA11P <-> bearish_dsc_ask_bid_delta_imbalance;0.0000;0.0000
perct_VA11P <-> bullish_dsc_ask_bid_delta_imbalance;0.0000;0.0000
bearish_absorption_intensity_repeat_count <-> finished_auction_high;0.0000;0.0000
perct_VA11P <-> perct_VA6P;0.0000;0.0000
diffHighPrice_0_4 <-> bearish_absorption_intensity_repeat_count;0.0000;0.0000
diffHighPrice_0_4 <-> bearish_dsc_ask_bid_delta_imbalance;0.0000;0.0000
perct_VA11P <-> vol_volatility_score;0.0000;0.0000
perct_VA11P <-> diffPriceClose_VA11PvaH;0.0000;0.0000
perct_VA11P <-> bearish_asc_dynamics;0.0000;0.0000
bearish_absorption_intensity_repeat_count <-> diffPriceClose_VA11PvaH;0.0000;0.0000
bearish_dsc_ask_bid_delta_imbalance <-> finished_auction_high;0.0000;0.0000
bearish_dsc_ask_bid_delta_imbalance <-> bullish_repeatAskBid_ratio;0.0000;0.0000
bearish_dsc_ask_bid_delta_imbalance <-> bullish_imnbScore_score;0.0000;0.0000
bearish_dsc_ask_bid_delta_imbalance <-> bearish_asc_dynamics;0.0000;0.0000
bearish_dsc_ask_bid_delta_imbalance <-> bullish_dsc_ask_bid_delta_imbalance;0.0000;0.0000
bearish_dsc_ask_bid_delta_imbalance <-> perct_VA21P;0.0000;0.0000
bearish_absorption_intensity_repeat_count <-> bearish_asc_dynamics;0.0000;0.0000
bearish_absorption_intensity_repeat_count <-> perct_VA6P;0.0000;0.0000
bearish_absorption_intensity_repeat_count <-> deltaTimestampOpeningSection5min;0.0000;0.0000
bearish_absorption_intensity_repeat_count <-> bullish_dsc_ask_bid_delta_imbalance;0.0000;0.0000
bearish_absorption_intensity_repeat_count <-> bearish_repeatAskBid_ratio;0.0000;0.0000
bearish_absorption_intensity_repeat_count <-> diffPriceCloseVWAP;0.0000;0.0000
diffHighPrice_0_4 <-> perct_VA21P;0.0000;0.0000
perct_VA21P <-> bearish_asc_dynamics;0.0000;0.0000
perct_VA21P <-> deltaTimestampOpeningSection5min;0.0000;0.0000
perct_VA21P <-> bullish_dsc_ask_bid_delta_imbalance;0.0000;0.0000
perct_VA21P <-> bearish_repeatAskBid_ratio;0.0000;0.0000
perct_VA21P <-> diffPriceCloseVWAP;0.0000;0.0000
perct_VA21P <-> perct_VA6P;0.0000;0.0000
perct_VA21P <-> bullish_imnbScore_score;0.0000;0.0000
perct_VA21P <-> bullish_repeatAskBid_ratio;0.0000;0.0000
perct_VA21P <-> vol_volatility_score;0.0000;0.0000
perct_VA21P <-> finished_auction_high;0.0000;0.0000
perct_VA21P <-> diffPriceClose_VA11PvaH;0.0000;0.0000
diffPriceCloseVWAP <-> finished_auction_high;0.0000;0.0000
diffHighPrice_0_4 <-> finished_auction_high;0.0000;0.0000
diffHighPrice_0_4 <-> diffPriceClose_VA11PvaH;0.0000;0.0000
diffHighPrice_0_4 <-> bullish_repeatAskBid_ratio;0.0000;0.0000
diffHighPrice_0_4 <-> bullish_imnbScore_score;0.0000;0.0000
diffHighPrice_0_4 <-> bearish_asc_dynamics;0.0000;0.0000
diffHighPrice_0_4 <-> perct_VA6P;0.0000;0.0000
diffHighPrice_0_4 <-> deltaTimestampOpeningSection5min;0.0000;0.0000
diffHighPrice_0_4 <-> bullish_dsc_ask_bid_delta_imbalance;0.0000;0.0000
diffPriceCloseVWAP <-> diffPriceClose_VA11PvaH;0.0000;0.0000
diffPriceCloseVWAP <-> bullish_repeatAskBid_ratio;0.0000;0.0000
diffPriceCloseVWAP <-> bullish_imnbScore_score;0.0000;0.0000
diffPriceCloseVWAP <-> bearish_asc_dynamics;0.0000;0.0000
diffPriceCloseVWAP <-> perct_VA6P;0.0000;0.0000
diffPriceCloseVWAP <-> deltaTimestampOpeningSection5min;0.0000;0.0000
bull_imbalance_high_0 <-> perct_VA6P;0.0000;0.0000
bullish_repeatAskBid_ratio <-> diffPriceClose_VA11PvaH;0.0000;0.0000
bullish_repeatAskBid_ratio <-> bullish_imnbScore_score;0.0000;0.0000
bullish_repeatAskBid_ratio <-> bearish_asc_dynamics;0.0000;0.0000
bullish_repeatAskBid_ratio <-> perct_VA6P;0.0000;0.0000
bullish_repeatAskBid_ratio <-> deltaTimestampOpeningSection5min;0.0000;0.0000
bullish_repeatAskBid_ratio <-> bullish_dsc_ask_bid_delta_imbalance;0.0000;0.0000
bullish_repeatAskBid_ratio <-> bull_imbalance_high_0;0.0000;0.0000
bullish_repeatAskBid_ratio <-> finished_auction_high;0.0000;0.0000
diffPriceClose_VA11PvaH <-> bull_imbalance_high_0;0.0000;0.0000
bullish_imnbScore_score <-> bull_imbalance_high_0;0.0000;0.0000
bullish_imnbScore_score <-> bearish_repeatAskBid_ratio;0.0000;0.0000
bullish_imnbScore_score <-> bullish_dsc_ask_bid_delta_imbalance;0.0000;0.0000
bullish_imnbScore_score <-> vol_volatility_score;0.0000;0.0000
bullish_imnbScore_score <-> finished_auction_high;0.0000;0.0000
bullish_imnbScore_score <-> diffPriceClose_VA11PvaH;0.0000;0.0000
bullish_imnbScore_score <-> bearish_asc_dynamics;0.0000;0.0000
bullish_imnbScore_score <-> perct_VA6P;0.0000;0.0000
diffPriceClose_VA11PvaH <-> bearish_repeatAskBid_ratio;0.0000;0.0000
bull_imbalance_high_0 <-> bearish_asc_dynamics;0.0000;0.0000
vol_volatility_score <-> finished_auction_high;0.0000;0.0000
vol_volatility_score <-> diffPriceClose_VA11PvaH;0.0000;0.0000
vol_volatility_score <-> bearish_asc_dynamics;0.0000;0.0000
vol_volatility_score <-> perct_VA6P;0.0000;0.0000
vol_volatility_score <-> deltaTimestampOpeningSection5min;0.0000;0.0000
vol_volatility_score <-> bullish_dsc_ask_bid_delta_imbalance;0.0000;0.0000
vol_volatility_score <-> bull_imbalance_high_0;0.0000;0.0000
finished_auction_high <-> diffPriceClose_VA11PvaH;0.0000;0.0000
diffPriceClose_VA11PvaH <-> bullish_dsc_ask_bid_delta_imbalance;0.0000;0.0000
diffPriceClose_VA11PvaH <-> bearish_asc_dynamics;0.0000;0.0000
diffPriceClose_VA11PvaH <-> perct_VA6P;0.0000;0.0000
diffPriceClose_VA11PvaH <-> deltaTimestampOpeningSection5min;0.0000;0.0000
finished_auction_high <-> bearish_asc_dynamics;0.0000;0.0000
finished_auction_high <-> perct_VA6P;0.0000;0.0000
finished_auction_high <-> bullish_dsc_ask_bid_delta_imbalance;0.0000;0.0000
finished_auction_high <-> bearish_repeatAskBid_ratio;0.0000;0.0000
finished_auction_high <-> bull_imbalance_high_0;0.0000;0.0000
bullish_dsc_ask_bid_delta_imbalance <-> bearish_asc_dynamics;0.0000;0.0000
bullish_dsc_ask_bid_delta_imbalance <-> perct_VA6P;0.0000;0.0000
bullish_dsc_ask_bid_delta_imbalance <-> deltaTimestampOpeningSection5min;0.0000;0.0000
bullish_dsc_ask_bid_delta_imbalance <-> bearish_repeatAskBid_ratio;0.0000;0.0000
bearish_repeatAskBid_ratio <-> bearish_asc_dynamics;0.0000;0.0000
bearish_repeatAskBid_ratio <-> perct_VA6P;0.0000;0.0000
bearish_repeatAskBid_ratio <-> deltaTimestampOpeningSection5min;0.0000;0.0000
bearish_asc_dynamics <-> deltaTimestampOpeningSection5min;0.0000;0.0000
deltaTimestampOpeningSection5min <-> perct_VA6P;0.0000;0.0000
