Correlation_Pair;Correlation_Value;Absolute_Correlation
perct_VA11P <-> diffPriceClose_VA11PvaH;0.8974;0.8974
perct_VA21P <-> diffPriceClose_VA16PvaH;0.8162;0.8162
bearish_bid_score <-> bearish_dsc_ask_bid_imbalance;0.8150;0.8150
bearish_absorption_intensity_repeat_count <-> bearish_ask_abs_ratio_abv;0.8128;0.8128
bullish_asc_ask_bid_delta_imbalance <-> bullish_ask_score;0.8101;0.8101
diffPriceClose_VA11PvaH <-> diffPriceClose_VA16PvaH;0.7925;0.7925
bearish_bid_score <-> bearish_imnbScore_score;0.7731;0.7731
bearish_imnbScore_score <-> bearish_dsc_ask_bid_imbalance;0.7682;0.7682
bullish_dsc_ask_bid_delta_imbalance <-> bullish_ask_ratio;0.7408;0.7408
bearish_asc_dynamics <-> bearish_dsc_ask_bid_imbalance;-0.7357;0.7357
bearish_asc_dynamics <-> bearish_ask_abs_ratio_abv;0.7276;0.7276
diffHighPrice_0_4 <-> perctBB;0.7187;0.7187
bullish_asc_ask_bid_delta_imbalance <-> bullish_ask_ratio;0.7154;0.7154
bullish_imnbScore_score <-> bullish_ask_score;0.7022;0.7022
bearish_dsc_ask_bid_delta_imbalance <-> bearish_bid_score;-0.6979;0.6979
diffPriceClose_VA11PvaH <-> perctBB;0.6914;0.6914
bearish_dsc_ask_bid_delta_imbalance <-> bearish_dsc_ask_bid_imbalance;-0.6718;0.6718
perct_VA11P <-> perctBB;0.6695;0.6695
perct_VA11P <-> diffPriceClose_VA16PvaH;0.6648;0.6648
perct_VA21P <-> diffPriceClose_VA11PvaH;0.6626;0.6626
diffHighPrice_0_4 <-> diffPriceClose_VA11PvaH;0.6559;0.6559
bearish_dsc_ask_bid_delta_imbalance <-> bearish_ask_abs_ratio_abv;0.6514;0.6514
bullish_ask_score <-> bullish_ask_ratio;0.6450;0.6450
bearish_ask_abs_ratio_abv <-> bearish_dsc_ask_bid_imbalance;-0.6347;0.6347
perct_VA11P <-> perct_VA21P;0.6133;0.6133
diffPriceClose_VA16PvaH <-> perctBB;0.6101;0.6101
diffPriceCloseVWAP <-> price_volume_dynamic;0.5974;0.5974
diffHighPrice_0_4 <-> diffPriceClose_VA16PvaH;0.5901;0.5901
perct_VA11P <-> diffHighPrice_0_4;0.5895;0.5895
bearish_absorption_intensity_repeat_count <-> bearish_asc_dynamics;0.5759;0.5759
bearish_asc_dynamics <-> bearish_imnbScore_score;-0.5746;0.5746
bearish_dsc_ask_bid_delta_imbalance <-> bearish_absorption_intensity_repeat_count;0.5732;0.5732
bearish_bid_score <-> bearish_ask_abs_ratio_abv;-0.5688;0.5688
perct_VA11P <-> perct_VA6P;0.5664;0.5664
perct_VA21P <-> perctBB;0.5588;0.5588
bearish_absorption_intensity_repeat_count <-> bearish_dsc_ask_bid_imbalance;-0.5445;0.5445
diffHighPrice_0_4 <-> perct_VA21P;0.5355;0.5355
bearish_absorption_intensity_repeat_count <-> bearish_repeatAskBid_ratio;0.5173;0.5173
bearish_asc_dynamics <-> bearish_bid_score;-0.5088;0.5088
perct_VA6P <-> perctBB;0.5069;0.5069
bearish_absorption_intensity_repeat_count <-> bearish_bid_score;-0.5055;0.5055
bearish_ask_abs_ratio_abv <-> imbalance_score_low;0.4948;0.4948
bullish_repeatAskBid_ratio <-> bullish_ask_ratio;0.4856;0.4856
bearish_dsc_ask_bid_delta_imbalance <-> bearish_imnbScore_score;-0.4839;0.4839
bearish_repeatAskBid_ratio <-> bullish_repeatAskBid_ratio;0.4836;0.4836
perct_VA6P <-> diffPriceClose_VA11PvaH;0.4717;0.4717
bullish_asc_ask_bid_delta_imbalance <-> bullish_imnbScore_score;0.4649;0.4649
bearish_imnbScore_score <-> bearish_ask_abs_ratio_abv;-0.4636;0.4636
bearish_absorption_intensity_repeat_count <-> bearish_imnbScore_score;-0.4618;0.4618
bearish_absorption_intensity_repeat_count <-> imbalance_score_low;0.4608;0.4608
diffHighPrice_0_4 <-> perct_VA6P;0.4393;0.4393
diffPriceClose_VA16PvaH <-> cumDiffVolDeltaRatio;0.4392;0.4392
bearish_ask_abs_ratio_abv <-> bear_imbalance_high_2;-0.4389;0.4389
bullish_dsc_ask_bid_delta_imbalance <-> bullish_repeatAskBid_ratio;0.4380;0.4380
imbalance_score_low <-> bearish_dsc_ask_bid_imbalance;-0.4339;0.4339
bearish_bid_score <-> imbalance_score_low;-0.4267;0.4267
perct_VA21P <-> cumDiffVolDeltaRatio;0.4100;0.4100
VolPocVolCandleRatio <-> bullish_ask_score;-0.4095;0.4095
bullish_ask_ratio <-> imbalance_score_low;0.4038;0.4038
bear_imbalance_high_3 <-> bearish_ask_abs_ratio_abv;-0.3996;0.3996
bearish_combined_pressure <-> price_volume_dynamic;-0.3980;0.3980
bearish_dsc_ask_bid_delta_imbalance <-> imbalance_score_low;0.3963;0.3963
bearish_asc_dynamics <-> imbalance_score_low;0.3951;0.3951
diffPriceClose_VA11PvaH <-> cumDiffVolDeltaRatio;0.3944;0.3944
bearish_dsc_ask_bid_delta_imbalance <-> bear_imbalance_high_3;-0.3933;0.3933
bullish_asc_ask_bid_delta_imbalance <-> imbalance_score_low;0.3920;0.3920
bearish_absorption_intensity_repeat_count <-> bear_imbalance_high_3;-0.3894;0.3894
bearish_absorption_intensity_repeat_count <-> bear_imbalance_high_2;-0.3839;0.3839
bullish_imnbScore_score <-> bullish_ask_ratio;0.3817;0.3817
bandWidthBB <-> poc_diff_ratio_6P_16P;0.3797;0.3797
cumDiffVolDeltaRatio <-> perctBB;0.3732;0.3732
vol_volatility_score <-> VolPocVolCandleRatio;-0.3724;0.3724
bear_imbalance_high_3 <-> bearish_bid_score;0.3714;0.3714
bearish_market_context_score <-> vol_volatility_score;-0.3557;0.3557
diffHighPrice_0_4 <-> cumDiffVolDeltaRatio;0.3518;0.3518
bearish_market_context_score <-> bearish_combined_pressure;0.3485;0.3485
bearish_imnbScore_score <-> imbalance_score_low;-0.3477;0.3477
range_strength_5_23 <-> bandWidthBB;-0.3369;0.3369
bearish_dsc_ask_bid_delta_imbalance <-> bear_imbalance_high_2;-0.3347;0.3347
bullish_imnbScore_score <-> VolPocVolCandleRatio;-0.3299;0.3299
VolPocVolCandleRatio <-> bearish_ask_abs_ratio_abv;-0.3292;0.3292
bullish_ask_score <-> imbalance_score_low;0.3252;0.3252
perct_VA6P <-> VolPocVolCandleRatio;-0.3241;0.3241
bearish_market_context_score <-> perctBB;-0.3232;0.3232
perct_VA6P <-> diffPriceClose_VA16PvaH;0.3213;0.3213
perct_VA11P <-> cumDiffVolDeltaRatio;0.3205;0.3205
bear_imbalance_high_3 <-> imbalance_score_low;-0.3164;0.3164
bearish_repeatAskBid_ratio <-> vol_volatility_score;0.3153;0.3153
bullish_asc_ask_bid_delta_imbalance <-> VolPocVolCandleRatio;-0.3147;0.3147
bear_imbalance_high_3 <-> bearish_dsc_ask_bid_imbalance;0.3125;0.3125
bearish_asc_dynamics <-> VolPocVolCandleRatio;-0.3117;0.3117
bearish_repeatAskBid_ratio <-> bearish_ask_abs_ratio_abv;0.3107;0.3107
perct_VA21P <-> perct_VA6P;0.3098;0.3098
bearish_absorption_intensity_repeat_count <-> bullish_repeatAskBid_ratio;0.3061;0.3061
bullish_repeatAskBid_ratio <-> vol_volatility_score;0.3024;0.3024
VolPocVolCandleRatio <-> bullish_ask_ratio;-0.2997;0.2997
diffHighPrice_0_4 <-> bandWidthBB;0.2980;0.2980
bearish_dsc_ask_bid_delta_imbalance <-> bearish_market_context_score;0.2814;0.2814
bull_imbalance_high_0 <-> bearish_ask_abs_ratio_abv;0.2802;0.2802
bear_imbalance_high_2 <-> bearish_dsc_ask_bid_imbalance;0.2746;0.2746
bearish_absorption_intensity_repeat_count <-> perctBB;0.2734;0.2734
bullish_dsc_ask_bid_delta_imbalance <-> imbalance_score_low;0.2705;0.2705
bearish_bid_score <-> bear_imbalance_high_2;0.2696;0.2696
bear_imbalance_high_2 <-> imbalance_score_low;-0.2663;0.2663
bandWidthBB <-> cumDiffVolDeltaRatio;0.2623;0.2623
diffVolCandle_0_1Ratio <-> perctBB;0.2612;0.2612
bear_imbalance_high_3 <-> bearish_imnbScore_score;0.2610;0.2610
diffHighPrice_0_4 <-> bearish_market_context_score;-0.2608;0.2608
bearish_asc_dynamics <-> bear_imbalance_high_2;-0.2606;0.2606
bearish_absorption_intensity_repeat_count <-> VolPocVolCandleRatio;-0.2572;0.2572
bearish_absorption_intensity_repeat_count <-> vol_volatility_score;0.2471;0.2471
VolPocVolCandleRatio <-> bearish_dsc_ask_bid_imbalance;0.2467;0.2467
diffVolCandle_0_1Ratio <-> bearish_ask_abs_ratio_abv;0.2456;0.2456
diffVolCandle_0_1Ratio <-> bearish_bid_score;-0.2432;0.2432
bearish_ask_abs_ratio_abv <-> perctBB;0.2432;0.2432
VolPocVolCandleRatio <-> imbalance_score_low;-0.2394;0.2394
VolPocVolCandleRatio <-> bearish_bid_score;0.2393;0.2393
bullish_dsc_ask_bid_delta_imbalance <-> bullish_imnbScore_score;0.2381;0.2381
bullish_dsc_ask_bid_delta_imbalance <-> bullish_ask_score;0.2370;0.2370
vol_volatility_score <-> price_volume_dynamic;0.2369;0.2369
diffPriceCloseVWAP <-> bearish_combined_pressure;-0.2333;0.2333
perct_VA6P <-> bullish_ask_score;0.2318;0.2318
bullish_repeatAskBid_ratio <-> bullish_ask_score;0.2315;0.2315
bearish_market_context_score <-> diffPriceClose_VA11PvaH;-0.2311;0.2311
perct_VA11P <-> bearish_market_context_score;-0.2283;0.2283
vol_volatility_score <-> bearish_bid_score;-0.2266;0.2266
bearish_absorption_intensity_repeat_count <-> diffVolCandle_0_1Ratio;0.2247;0.2247
VolPocVolCandleRatio <-> perctBB;-0.2230;0.2230
diffHighPrice_0_4 <-> vol_volatility_score;0.2222;0.2222
bearish_dsc_ask_bid_delta_imbalance <-> diffVolCandle_0_1Ratio;0.2218;0.2218
bearish_dsc_ask_bid_delta_imbalance <-> vol_volatility_score;0.2212;0.2212
perct_VA21P <-> bandWidthBB;0.2197;0.2197
bullish_imnbScore_score <-> imbalance_score_low;0.2186;0.2186
diffHighPrice_0_4 <-> VolPocVolCandleRatio;-0.2182;0.2182
bullish_repeatAskBid_ratio <-> VolPocVolCandleRatio;-0.2162;0.2162
bearish_asc_dynamics <-> bear_imbalance_high_3;-0.2156;0.2156
diffVolCandle_0_1Ratio <-> VolPocVolCandleRatio;-0.2145;0.2145
perct_VA6P <-> bearish_asc_dynamics;0.2132;0.2132
bull_imbalance_high_0 <-> bearish_asc_dynamics;0.2121;0.2121
perct_VA11P <-> VolPocVolCandleRatio;-0.2097;0.2097
bearish_asc_dynamics <-> perctBB;0.2093;0.2093
diffVolCandle_0_1Ratio <-> bearish_repeatAskBid_ratio;0.2075;0.2075
bullish_asc_ask_bid_delta_imbalance <-> perct_VA6P;0.2014;0.2014
diffHighPrice_0_4 <-> bullish_ask_score;0.1998;0.1998
bearish_market_context_score <-> diffPriceClose_VA16PvaH;-0.1994;0.1994
bullish_dsc_ask_bid_delta_imbalance <-> VolPocVolCandleRatio;-0.1979;0.1979
perctBB <-> imbalance_score_low;0.1971;0.1971
bearish_repeatAskBid_ratio <-> perctBB;0.1959;0.1959
bearish_market_context_score <-> perct_VA6P;-0.1944;0.1944
perct_VA6P <-> bullish_ask_ratio;0.1939;0.1939
bearish_market_context_score <-> VolPocVolCandleRatio;0.1935;0.1935
bearish_dsc_ask_bid_delta_imbalance <-> bearish_repeatAskBid_ratio;0.1931;0.1931
bearish_dsc_ask_bid_delta_imbalance <-> bearish_asc_dynamics;0.1930;0.1930
perct_VA6P <-> poc_diff_ratio_6P_16P;-0.1921;0.1921
diffVolCandle_0_1Ratio <-> vol_volatility_score;0.1920;0.1920
perct_VA21P <-> bearish_market_context_score;-0.1895;0.1895
bearish_market_context_score <-> bearish_repeatAskBid_ratio;-0.1875;0.1875
diffPriceClose_VA16PvaH <-> bandWidthBB;0.1866;0.1866
diffVolCandle_0_1Ratio <-> bearish_dsc_ask_bid_imbalance;-0.1856;0.1856
bearish_imnbScore_score <-> bear_imbalance_high_2;0.1842;0.1842
diffPriceClose_VA11PvaH <-> VolPocVolCandleRatio;-0.1834;0.1834
diffVolCandle_0_1Ratio <-> imbalance_score_low;0.1832;0.1832
bullish_imnbScore_score <-> vol_volatility_score;0.1831;0.1831
perct_VA11P <-> bullish_ask_score;0.1827;0.1827
vol_volatility_score <-> perctBB;0.1821;0.1821
diffHighPrice_0_4 <-> bullish_imnbScore_score;0.1803;0.1803
diffHighPrice_0_4 <-> diffVolCandle_0_1Ratio;0.1800;0.1800
bearish_market_context_score <-> bull_imbalance_high_0;0.1800;0.1800
bull_imbalance_high_0 <-> bearish_dsc_ask_bid_imbalance;-0.1778;0.1778
bearish_absorption_intensity_repeat_count <-> diffHighPrice_0_4;0.1774;0.1774
bearish_absorption_intensity_repeat_count <-> diffPriceClose_VA11PvaH;0.1759;0.1759
range_strength_5_23 <-> bearish_repeatAskBid_ratio;-0.1741;0.1741
bearish_absorption_intensity_repeat_count <-> perct_VA11P;0.1734;0.1734
bearish_absorption_intensity_repeat_count <-> bull_imbalance_high_0;0.1726;0.1726
bearish_absorption_intensity_repeat_count <-> diffPriceClose_VA16PvaH;0.1725;0.1725
bearish_absorption_intensity_repeat_count <-> perct_VA21P;0.1724;0.1724
bearish_absorption_intensity_repeat_count <-> bullish_ask_ratio;0.1720;0.1720
perct_VA6P <-> bearish_ask_abs_ratio_abv;0.1718;0.1718
bearish_dsc_ask_bid_delta_imbalance <-> bull_imbalance_high_0;0.1713;0.1713
diffPriceClose_VA11PvaH <-> bullish_ask_score;0.1678;0.1678
bearish_dsc_ask_bid_delta_imbalance <-> VolPocVolCandleRatio;-0.1677;0.1677
bearish_absorption_intensity_repeat_count <-> perct_VA6P;0.1677;0.1677
bullish_ask_score <-> perctBB;0.1673;0.1673
vol_volatility_score <-> bearish_dsc_ask_bid_imbalance;-0.1672;0.1672
diffHighPrice_0_4 <-> bullish_asc_ask_bid_delta_imbalance;0.1661;0.1661
bearish_asc_dynamics <-> finished_auction_high;0.1659;0.1659
perctBB <-> bearish_dsc_ask_bid_imbalance;-0.1659;0.1659
bullish_asc_ask_bid_delta_imbalance <-> bullish_dsc_ask_bid_delta_imbalance;0.1650;0.1650
VolPocVolCandleRatio <-> bearish_imnbScore_score;0.1649;0.1649
bearish_market_context_score <-> bullish_repeatAskBid_ratio;-0.1615;0.1615
diffVolCandle_0_1Ratio <-> diffPriceClose_VA11PvaH;0.1612;0.1612
bearish_repeatAskBid_ratio <-> bearish_imnbScore_score;-0.1596;0.1596
bearish_repeatAskBid_ratio <-> imbalance_score_low;0.1588;0.1588
perct_VA6P <-> bullish_imnbScore_score;0.1580;0.1580
bearish_bid_score <-> perctBB;-0.1578;0.1578
perct_VA11P <-> diffVolCandle_0_1Ratio;0.1568;0.1568
bullish_ask_ratio <-> perctBB;0.1564;0.1564
diffHighPrice_0_4 <-> bearish_ask_abs_ratio_abv;0.1557;0.1557
bull_imbalance_high_0 <-> bearish_repeatAskBid_ratio;-0.1550;0.1550
perct_VA11P <-> bullish_asc_ask_bid_delta_imbalance;0.1549;0.1549
perct_VA11P <-> bearish_asc_dynamics;0.1539;0.1539
bullish_imnbScore_score <-> bullish_repeatAskBid_ratio;0.1539;0.1539
diffPriceClose_VA11PvaH <-> bearish_ask_abs_ratio_abv;0.1538;0.1538
perct_VA11P <-> bearish_ask_abs_ratio_abv;0.1531;0.1531
range_strength_5_23 <-> perctBB;0.1519;0.1519
vol_volatility_score <-> imbalance_score_low;0.1503;0.1503
diffVolCandle_0_1Ratio <-> bearish_asc_dynamics;0.1492;0.1492
diffHighPrice_0_4 <-> bullish_ask_ratio;0.1483;0.1483
bullish_imnbScore_score <-> perctBB;0.1463;0.1463
bearish_repeatAskBid_ratio <-> VolPocVolCandleRatio;-0.1460;0.1460
vol_volatility_score <-> bearish_combined_pressure;-0.1459;0.1459
perct_VA11P <-> bullish_ask_ratio;0.1449;0.1449
diffPriceClose_VA16PvaH <-> bearish_ask_abs_ratio_abv;0.1449;0.1449
perct_VA6P <-> imbalance_score_low;0.1445;0.1445
bearish_repeatAskBid_ratio <-> bearish_bid_score;-0.1439;0.1439
vol_volatility_score <-> bearish_ask_abs_ratio_abv;0.1439;0.1439
perct_VA11P <-> bullish_imnbScore_score;0.1430;0.1430
diffVolCandle_0_1Ratio <-> diffPriceClose_VA16PvaH;0.1427;0.1427
perct_VA21P <-> bearish_ask_abs_ratio_abv;0.1425;0.1425
bearish_asc_dynamics <-> diffPriceClose_VA11PvaH;0.1416;0.1416
bullish_asc_ask_bid_delta_imbalance <-> diffPriceClose_VA11PvaH;0.1408;0.1408
diffPriceClose_VA11PvaH <-> vol_volatility_score;0.1386;0.1386
vol_volatility_score <-> bullish_ask_score;0.1384;0.1384
bullish_asc_ask_bid_delta_imbalance <-> perctBB;0.1373;0.1373
VolPocVolCandleRatio <-> bear_imbalance_high_2;0.1369;0.1369
perct_VA21P <-> diffVolCandle_0_1Ratio;0.1368;0.1368
diffHighPrice_0_4 <-> bearish_asc_dynamics;0.1354;0.1354
bullish_repeatAskBid_ratio <-> perctBB;0.1340;0.1340
VolPocVolCandleRatio <-> cumDiffVolDeltaRatio;0.1333;0.1333
bearish_repeatAskBid_ratio <-> deltaTimestampOpeningSection5min;0.1332;0.1332
diffPriceClose_VA11PvaH <-> bullish_ask_ratio;0.1332;0.1332
bearish_dsc_ask_bid_delta_imbalance <-> perctBB;0.1315;0.1315
bearish_dsc_ask_bid_delta_imbalance <-> bullish_repeatAskBid_ratio;0.1313;0.1313
vol_volatility_score <-> diffPriceClose_VA16PvaH;0.1311;0.1311
perct_VA21P <-> poc_diff_ratio_6P_16P;0.1301;0.1301
VolPocVolCandleRatio <-> bear_imbalance_high_3;0.1301;0.1301
bullish_imnbScore_score <-> diffPriceClose_VA11PvaH;0.1291;0.1291
VolPocVolCandleRatio <-> diffPriceClose_VA16PvaH;-0.1285;0.1285
perct_VA21P <-> bearish_asc_dynamics;0.1274;0.1274
bearish_asc_dynamics <-> diffPriceClose_VA16PvaH;0.1274;0.1274
perct_VA21P <-> vol_volatility_score;0.1273;0.1273
bandWidthBB <-> perctBB;-0.1265;0.1265
diffHighPrice_0_4 <-> imbalance_score_low;0.1261;0.1261
bearish_repeatAskBid_ratio <-> bearish_asc_dynamics;0.1244;0.1244
diffVolCandle_0_1Ratio <-> bullish_imnbScore_score;0.1226;0.1226
cumDiffVolDeltaRatio <-> poc_diff_ratio_6P_16P;0.1225;0.1225
vol_volatility_score <-> bear_imbalance_high_3;-0.1220;0.1220
bearish_market_context_score <-> bullish_imnbScore_score;-0.1217;0.1217
diffPriceClose_VA16PvaH <-> poc_diff_ratio_6P_16P;0.1216;0.1216
bearish_market_context_score <-> bearish_dsc_ask_bid_imbalance;-0.1209;0.1209
perct_VA21P <-> VolPocVolCandleRatio;-0.1205;0.1205
bullish_asc_ask_bid_delta_imbalance <-> bullish_repeatAskBid_ratio;0.1202;0.1202
bearish_market_context_score <-> bullish_ask_score;-0.1200;0.1200
diffHighPrice_0_4 <-> bearish_repeatAskBid_ratio;0.1198;0.1198
perct_VA11P <-> vol_volatility_score;0.1197;0.1197
bearish_market_context_score <-> diffVolCandle_0_1Ratio;-0.1186;0.1186
diffVolCandle_0_1Ratio <-> bearish_imnbScore_score;-0.1179;0.1179
vol_volatility_score <-> bearish_imnbScore_score;-0.1178;0.1178
diffVolCandle_0_1Ratio <-> perct_VA6P;0.1177;0.1177
bullish_ask_ratio <-> bearish_ask_abs_ratio_abv;0.1171;0.1171
range_strength_5_23 <-> poc_diff_ratio_6P_16P;-0.1170;0.1170
bearish_repeatAskBid_ratio <-> poc_diff_ratio_6P_16P;-0.1167;0.1167
bearish_market_context_score <-> bearish_ask_abs_ratio_abv;0.1165;0.1165
bull_imbalance_high_0 <-> finished_auction_high;-0.1165;0.1165
perct_VA11P <-> bearish_repeatAskBid_ratio;0.1164;0.1164
bull_imbalance_high_0 <-> bullish_repeatAskBid_ratio;-0.1164;0.1164
bearish_absorption_intensity_repeat_count <-> bullish_ask_score;0.1160;0.1160
diffVolCandle_0_1Ratio <-> bear_imbalance_high_3;-0.1156;0.1156
perct_VA11P <-> imbalance_score_low;0.1153;0.1153
diffPriceClose_VA16PvaH <-> bullish_ask_score;0.1152;0.1152
price_volume_dynamic <-> perctBB;0.1147;0.1147
diffPriceClose_VA16PvaH <-> price_volume_dynamic;0.1146;0.1146
diffHighPrice_0_4 <-> price_volume_dynamic;0.1142;0.1142
bull_imbalance_high_0 <-> bearish_bid_score;-0.1131;0.1131
bearish_imnbScore_score <-> perctBB;-0.1131;0.1131
perct_VA6P <-> bearish_dsc_ask_bid_imbalance;-0.1129;0.1129
perct_VA6P <-> bearish_imnbScore_score;-0.1123;0.1123
diffPriceClose_VA11PvaH <-> imbalance_score_low;0.1121;0.1121
perct_VA21P <-> bullish_ask_score;0.1119;0.1119
vol_volatility_score <-> bullish_ask_ratio;0.1111;0.1111
bear_imbalance_high_3 <-> perctBB;-0.1107;0.1107
bearish_repeatAskBid_ratio <-> diffPriceClose_VA11PvaH;0.1102;0.1102
bearish_repeatAskBid_ratio <-> bear_imbalance_high_3;-0.1101;0.1101
bearish_repeatAskBid_ratio <-> diffPriceClose_VA16PvaH;0.1091;0.1091
perct_VA21P <-> bearish_repeatAskBid_ratio;0.1090;0.1090
bullish_dsc_ask_bid_delta_imbalance <-> perct_VA6P;0.1065;0.1065
bearish_absorption_intensity_repeat_count <-> bullish_imnbScore_score;0.1048;0.1048
bearish_repeatAskBid_ratio <-> finished_auction_high;-0.1048;0.1048
perct_VA21P <-> bullish_imnbScore_score;0.1041;0.1041
bullish_asc_ask_bid_delta_imbalance <-> bearish_ask_abs_ratio_abv;0.1039;0.1039
bearish_market_context_score <-> price_volume_dynamic;-0.1033;0.1033
bearish_repeatAskBid_ratio <-> perct_VA6P;0.1024;0.1024
perct_VA21P <-> price_volume_dynamic;0.1018;0.1018
bull_imbalance_high_0 <-> vol_volatility_score;-0.0999;0.0999
bearish_absorption_intensity_repeat_count <-> bullish_dsc_ask_bid_delta_imbalance;0.0979;0.0979
bullish_dsc_ask_bid_delta_imbalance <-> bearish_ask_abs_ratio_abv;0.0977;0.0977
bullish_repeatAskBid_ratio <-> bear_imbalance_high_3;-0.0977;0.0977
bullish_dsc_ask_bid_delta_imbalance <-> perctBB;0.0976;0.0976
perctBB <-> bear_imbalance_high_2;-0.0971;0.0971
finished_auction_high <-> bearish_ask_abs_ratio_abv;0.0967;0.0967
perct_VA6P <-> bullish_repeatAskBid_ratio;0.0966;0.0966
bullish_ask_score <-> bearish_ask_abs_ratio_abv;0.0965;0.0965
diffHighPrice_0_4 <-> bullish_repeatAskBid_ratio;0.0961;0.0961
diffHighPrice_0_4 <-> bearish_dsc_ask_bid_imbalance;-0.0960;0.0960
bullish_imnbScore_score <-> diffPriceClose_VA16PvaH;0.0956;0.0956
bullish_asc_ask_bid_delta_imbalance <-> diffPriceClose_VA16PvaH;0.0952;0.0952
bullish_imnbScore_score <-> bearish_ask_abs_ratio_abv;0.0951;0.0951
deltaTimestampOpeningSection5min <-> bullish_repeatAskBid_ratio;0.0950;0.0950
bearish_absorption_intensity_repeat_count <-> bullish_asc_ask_bid_delta_imbalance;0.0946;0.0946
bullish_repeatAskBid_ratio <-> poc_diff_ratio_6P_16P;-0.0944;0.0944
diffVolCandle_0_1Ratio <-> bullish_repeatAskBid_ratio;0.0943;0.0943
perct_VA21P <-> bearish_combined_pressure;-0.0936;0.0936
diffPriceClose_VA16PvaH <-> imbalance_score_low;0.0930;0.0930
perct_VA21P <-> bullish_asc_ask_bid_delta_imbalance;0.0928;0.0928
bullish_repeatAskBid_ratio <-> bearish_bid_score;-0.0918;0.0918
bearish_combined_pressure <-> diffPriceClose_VA16PvaH;-0.0914;0.0914
bullish_ask_score <-> cumDiffVolDeltaRatio;-0.0910;0.0910
range_strength_5_23 <-> VolPocVolCandleRatio;0.0905;0.0905
bearish_market_context_score <-> bullish_ask_ratio;-0.0900;0.0900
bearish_repeatAskBid_ratio <-> bullish_ask_ratio;0.0897;0.0897
diffHighPrice_0_4 <-> bearish_bid_score;-0.0896;0.0896
diffPriceClose_VA11PvaH <-> bearish_dsc_ask_bid_imbalance;-0.0896;0.0896
range_strength_5_23 <-> bullish_repeatAskBid_ratio;-0.0892;0.0892
bear_imbalance_high_3 <-> bullish_ask_ratio;-0.0883;0.0883
perct_VA11P <-> bullish_repeatAskBid_ratio;0.0880;0.0880
perct_VA11P <-> bearish_dsc_ask_bid_imbalance;-0.0879;0.0879
diffPriceClose_VA16PvaH <-> bullish_ask_ratio;0.0878;0.0878
bearish_market_context_score <-> bearish_bid_score;-0.0872;0.0872
range_strength_5_23 <-> diffPriceClose_VA11PvaH;0.0872;0.0872
bullish_repeatAskBid_ratio <-> diffPriceClose_VA11PvaH;0.0872;0.0872
perct_VA21P <-> bullish_ask_ratio;0.0871;0.0871
diffPriceCloseVWAP <-> diffPriceClose_VA16PvaH;0.0868;0.0868
perct_VA21P <-> imbalance_score_low;0.0862;0.0862
bearish_market_context_score <-> bear_imbalance_high_2;-0.0855;0.0855
bearish_absorption_intensity_repeat_count <-> range_strength_5_23;-0.0846;0.0846
diffPriceClose_VA16PvaH <-> bearish_dsc_ask_bid_imbalance;-0.0844;0.0844
diffPriceCloseVWAP <-> cumDiffVolDeltaRatio;0.0840;0.0840
bearish_asc_dynamics <-> bullish_imnbScore_score;0.0833;0.0833
perct_VA11P <-> bandWidthBB;0.0829;0.0829
perct_VA6P <-> vol_volatility_score;0.0824;0.0824
diffPriceClose_VA11PvaH <-> bandWidthBB;0.0815;0.0815
perct_VA21P <-> bearish_dsc_ask_bid_imbalance;-0.0800;0.0800
diffHighPrice_0_4 <-> poc_diff_ratio_6P_16P;0.0796;0.0796
diffPriceClose_VA11PvaH <-> price_volume_dynamic;0.0794;0.0794
perct_VA6P <-> finished_auction_high;0.0784;0.0784
bullish_repeatAskBid_ratio <-> bearish_imnbScore_score;-0.0784;0.0784
cumDiffVolDeltaRatio <-> price_volume_dynamic;0.0778;0.0778
bearish_combined_pressure <-> perctBB;-0.0775;0.0775
perct_VA21P <-> finished_auction_high;0.0765;0.0765
finished_auction_high <-> bearish_dsc_ask_bid_imbalance;-0.0762;0.0762
diffPriceClose_VA11PvaH <-> bearish_bid_score;-0.0760;0.0760
bear_imbalance_high_3 <-> bullish_ask_score;-0.0756;0.0756
poc_diff_ratio_6P_16P <-> perctBB;-0.0753;0.0753
bearish_absorption_intensity_repeat_count <-> poc_diff_ratio_6P_16P;-0.0736;0.0736
perct_VA11P <-> bearish_imnbScore_score;-0.0735;0.0735
bearish_dsc_ask_bid_delta_imbalance <-> diffHighPrice_0_4;0.0727;0.0727
perct_VA11P <-> finished_auction_high;0.0724;0.0724
diffPriceClose_VA16PvaH <-> bearish_bid_score;-0.0724;0.0724
finished_auction_high <-> VolPocVolCandleRatio;0.0720;0.0720
range_strength_5_23 <-> vol_volatility_score;-0.0718;0.0718
diffPriceClose_VA11PvaH <-> finished_auction_high;0.0718;0.0718
diffPriceCloseVWAP <-> naked_poc_dist_above;0.0712;0.0712
bearish_ask_abs_ratio_abv <-> price_volume_dynamic;0.0710;0.0710
diffPriceClose_VA11PvaH <-> bearish_combined_pressure;-0.0709;0.0709
diffPriceCloseVWAP <-> range_strength_5_23;0.0708;0.0708
finished_auction_high <-> bearish_bid_score;0.0707;0.0707
finished_auction_high <-> diffPriceClose_VA16PvaH;0.0705;0.0705
perct_VA21P <-> bullish_repeatAskBid_ratio;0.0703;0.0703
perct_VA11P <-> bullish_dsc_ask_bid_delta_imbalance;0.0702;0.0702
bullish_repeatAskBid_ratio <-> diffPriceClose_VA16PvaH;0.0701;0.0701
finished_auction_high <-> perctBB;0.0696;0.0696
bullish_asc_ask_bid_delta_imbalance <-> bear_imbalance_high_3;-0.0695;0.0695
bandWidthBB <-> bearish_bid_score;0.0692;0.0692
bearish_repeatAskBid_ratio <-> bandWidthBB;-0.0687;0.0687
diffHighPrice_0_4 <-> bearish_combined_pressure;-0.0685;0.0685
bullish_asc_ask_bid_delta_imbalance <-> bearish_imnbScore_score;0.0684;0.0684
bearish_market_context_score <-> bullish_asc_ask_bid_delta_imbalance;-0.0680;0.0680
bullish_imnbScore_score <-> price_volume_dynamic;0.0679;0.0679
bandWidthBB <-> bearish_dsc_ask_bid_imbalance;0.0679;0.0679
bearish_imnbScore_score <-> bullish_ask_score;0.0668;0.0668
perct_VA11P <-> bearish_bid_score;-0.0664;0.0664
diffPriceCloseVWAP <-> perct_VA21P;0.0664;0.0664
naked_poc_dist_above <-> price_volume_dynamic;0.0661;0.0661
bearish_repeatAskBid_ratio <-> bearish_dsc_ask_bid_imbalance;-0.0659;0.0659
bullish_dsc_ask_bid_delta_imbalance <-> vol_volatility_score;0.0658;0.0658
perct_VA21P <-> bearish_bid_score;-0.0657;0.0657
diffHighPrice_0_4 <-> bullish_dsc_ask_bid_delta_imbalance;0.0655;0.0655
diffPriceClose_VA16PvaH <-> bear_imbalance_high_2;-0.0655;0.0655
perct_VA21P <-> bear_imbalance_high_2;-0.0649;0.0649
bullish_asc_ask_bid_delta_imbalance <-> bearish_bid_score;0.0648;0.0648
diffPriceClose_VA11PvaH <-> bearish_imnbScore_score;-0.0648;0.0648
diffHighPrice_0_4 <-> diffPriceCloseVWAP;0.0647;0.0647
perct_VA6P <-> bear_imbalance_high_2;-0.0647;0.0647
diffVolCandle_0_1Ratio <-> bear_imbalance_high_2;-0.0645;0.0645
bullish_dsc_ask_bid_delta_imbalance <-> diffPriceClose_VA11PvaH;0.0642;0.0642
diffHighPrice_0_4 <-> finished_auction_high;0.0640;0.0640
bandWidthBB <-> bearish_imnbScore_score;0.0633;0.0633
bearish_dsc_ask_bid_delta_imbalance <-> bearish_combined_pressure;0.0630;0.0630
diffPriceClose_VA11PvaH <-> bear_imbalance_high_2;-0.0628;0.0628
range_strength_5_23 <-> bullish_ask_score;-0.0625;0.0625
perct_VA6P <-> bearish_bid_score;-0.0625;0.0625
bandWidthBB <-> imbalance_score_low;-0.0625;0.0625
bullish_asc_ask_bid_delta_imbalance <-> cumDiffVolDeltaRatio;-0.0622;0.0622
diffPriceClose_VA11PvaH <-> bear_imbalance_high_3;-0.0620;0.0620
bearish_absorption_intensity_repeat_count <-> finished_auction_high;0.0619;0.0619
bearish_repeatAskBid_ratio <-> bearish_combined_pressure;-0.0617;0.0617
bullish_asc_ask_bid_delta_imbalance <-> bearish_dsc_ask_bid_imbalance;0.0614;0.0614
bearish_dsc_ask_bid_delta_imbalance <-> diffPriceClose_VA16PvaH;0.0612;0.0612
diffHighPrice_0_4 <-> bear_imbalance_high_3;-0.0611;0.0611
perct_VA11P <-> bear_imbalance_high_2;-0.0610;0.0610
bearish_dsc_ask_bid_delta_imbalance <-> bandWidthBB;-0.0604;0.0604
range_strength_5_23 <-> bearish_ask_abs_ratio_abv;-0.0600;0.0600
diffPriceCloseVWAP <-> perctBB;0.0599;0.0599
diffVolCandle_0_1Ratio <-> bullish_ask_score;0.0598;0.0598
perct_VA11P <-> bearish_combined_pressure;-0.0594;0.0594
VolPocVolCandleRatio <-> bandWidthBB;0.0590;0.0590
cumDiffVolDeltaRatio <-> bullish_ask_ratio;-0.0588;0.0588
finished_auction_high <-> cumDiffVolDeltaRatio;0.0587;0.0587
bull_imbalance_high_0 <-> deltaTimestampOpeningSection5min;-0.0585;0.0585
bear_imbalance_high_3 <-> diffPriceClose_VA16PvaH;-0.0585;0.0585
bearish_asc_dynamics <-> vol_volatility_score;0.0579;0.0579
bearish_dsc_ask_bid_delta_imbalance <-> diffPriceClose_VA11PvaH;0.0577;0.0577
bandWidthBB <-> bearish_ask_abs_ratio_abv;-0.0575;0.0575
bearish_absorption_intensity_repeat_count <-> bandWidthBB;-0.0567;0.0567
diffVolCandle_0_1Ratio <-> price_volume_dynamic;0.0566;0.0566
bullish_dsc_ask_bid_delta_imbalance <-> bearish_asc_dynamics;0.0565;0.0565
bearish_absorption_intensity_repeat_count <-> price_volume_dynamic;0.0564;0.0564
bullish_ask_score <-> bearish_dsc_ask_bid_imbalance;0.0562;0.0562
diffHighPrice_0_4 <-> bearish_imnbScore_score;-0.0555;0.0555
bullish_imnbScore_score <-> cumDiffVolDeltaRatio;-0.0555;0.0555
perct_VA6P <-> bandWidthBB;-0.0553;0.0553
deltaTimestampOpeningSection5min <-> finished_auction_high;-0.0550;0.0550
diffPriceCloseVWAP <-> bearish_repeatAskBid_ratio;-0.0549;0.0549
diffPriceClose_VA16PvaH <-> bearish_imnbScore_score;-0.0549;0.0549
bearish_dsc_ask_bid_delta_imbalance <-> perct_VA21P;0.0545;0.0545
bullish_asc_ask_bid_delta_imbalance <-> vol_volatility_score;0.0537;0.0537
diffPriceCloseVWAP <-> diffPriceClose_VA11PvaH;0.0536;0.0536
perct_VA21P <-> bearish_imnbScore_score;-0.0533;0.0533
bullish_asc_ask_bid_delta_imbalance <-> bearish_asc_dynamics;0.0533;0.0533
range_strength_5_23 <-> bullish_imnbScore_score;-0.0532;0.0532
bearish_asc_dynamics <-> bullish_repeatAskBid_ratio;-0.0527;0.0527
bearish_market_context_score <-> bearish_asc_dynamics;-0.0523;0.0523
diffVolCandle_0_1Ratio <-> finished_auction_high;-0.0520;0.0520
bull_imbalance_high_0 <-> bearish_combined_pressure;0.0516;0.0516
diffVolCandle_0_1Ratio <-> cumDiffVolDeltaRatio;0.0515;0.0515
vol_volatility_score <-> bandWidthBB;0.0508;0.0508
bearish_market_context_score <-> imbalance_score_low;-0.0506;0.0506
diffPriceCloseVWAP <-> deltaTimestampOpeningSection5min;0.0505;0.0505
bull_imbalance_high_0 <-> VolPocVolCandleRatio;-0.0501;0.0501
bearish_repeatAskBid_ratio <-> bullish_dsc_ask_bid_delta_imbalance;0.0501;0.0501
bearish_dsc_ask_bid_delta_imbalance <-> price_volume_dynamic;0.0497;0.0497
range_strength_5_23 <-> bullish_ask_ratio;-0.0492;0.0492
bullish_repeatAskBid_ratio <-> bandWidthBB;-0.0492;0.0492
bullish_dsc_ask_bid_delta_imbalance <-> cumDiffVolDeltaRatio;-0.0490;0.0490
bearish_bid_score <-> bullish_ask_score;0.0489;0.0489
diffHighPrice_0_4 <-> bear_imbalance_high_2;-0.0488;0.0488
VolPocVolCandleRatio <-> poc_diff_ratio_6P_16P;0.0488;0.0488
bullish_repeatAskBid_ratio <-> bearish_combined_pressure;-0.0487;0.0487
bearish_asc_dynamics <-> bandWidthBB;-0.0483;0.0483
bearish_repeatAskBid_ratio <-> bear_imbalance_high_2;-0.0479;0.0479
perct_VA6P <-> cumDiffVolDeltaRatio;0.0479;0.0479
bear_imbalance_high_3 <-> bear_imbalance_high_2;0.0479;0.0479
bullish_ask_score <-> price_volume_dynamic;0.0479;0.0479
diffPriceCloseVWAP <-> bull_imbalance_high_0;0.0478;0.0478
bullish_asc_ask_bid_delta_imbalance <-> deltaTimestampOpeningSection5min;-0.0475;0.0475
bull_imbalance_high_0 <-> price_volume_dynamic;0.0470;0.0470
bearish_absorption_intensity_repeat_count <-> cumDiffVolDeltaRatio;0.0461;0.0461
cumDiffVolDeltaRatio <-> imbalance_score_low;-0.0461;0.0461
naked_poc_dist_above <-> bearish_combined_pressure;-0.0458;0.0458
bearish_asc_dynamics <-> price_volume_dynamic;0.0458;0.0458
range_strength_5_23 <-> finished_auction_high;0.0457;0.0457
VolPocVolCandleRatio <-> price_volume_dynamic;-0.0453;0.0453
bearish_ask_abs_ratio_abv <-> poc_diff_ratio_6P_16P;-0.0451;0.0451
deltaTimestampOpeningSection5min <-> bullish_imnbScore_score;-0.0450;0.0450
bearish_market_context_score <-> bullish_dsc_ask_bid_delta_imbalance;-0.0449;0.0449
range_strength_5_23 <-> cumDiffVolDeltaRatio;-0.0443;0.0443
deltaTimestampOpeningSection5min <-> bear_imbalance_high_2;0.0442;0.0442
bearish_asc_dynamics <-> bullish_ask_ratio;0.0440;0.0440
bullish_imnbScore_score <-> bearish_dsc_ask_bid_imbalance;-0.0436;0.0436
bull_imbalance_high_0 <-> cumDiffVolDeltaRatio;0.0435;0.0435
bullish_ask_ratio <-> bearish_dsc_ask_bid_imbalance;0.0434;0.0434
bearish_dsc_ask_bid_delta_imbalance <-> poc_diff_ratio_6P_16P;-0.0433;0.0433
perct_VA21P <-> bear_imbalance_high_3;-0.0432;0.0432
bullish_asc_ask_bid_delta_imbalance <-> bull_imbalance_high_0;0.0431;0.0431
bullish_ask_ratio <-> bear_imbalance_high_2;-0.0430;0.0430
range_strength_5_23 <-> deltaTimestampOpeningSection5min;-0.0428;0.0428
bearish_asc_dynamics <-> bullish_ask_score;0.0421;0.0421
price_volume_dynamic <-> bearish_dsc_ask_bid_imbalance;-0.0419;0.0419
bearish_combined_pressure <-> cumDiffVolDeltaRatio;-0.0415;0.0415
bullish_asc_ask_bid_delta_imbalance <-> bearish_repeatAskBid_ratio;-0.0414;0.0414
bullish_dsc_ask_bid_delta_imbalance <-> bear_imbalance_high_3;-0.0413;0.0413
finished_auction_high <-> price_volume_dynamic;0.0412;0.0412
vol_volatility_score <-> cumDiffVolDeltaRatio;-0.0412;0.0412
bear_imbalance_high_3 <-> bandWidthBB;0.0409;0.0409
bullish_repeatAskBid_ratio <-> bearish_ask_abs_ratio_abv;0.0408;0.0408
deltaTimestampOpeningSection5min <-> bearish_ask_abs_ratio_abv;-0.0407;0.0407
bearish_dsc_ask_bid_delta_imbalance <-> perct_VA11P;0.0404;0.0404
bullish_imnbScore_score <-> finished_auction_high;0.0404;0.0404
perct_VA11P <-> price_volume_dynamic;0.0403;0.0403
bearish_bid_score <-> price_volume_dynamic;-0.0401;0.0401
naked_poc_dist_above <-> bandWidthBB;-0.0392;0.0392
bandWidthBB <-> price_volume_dynamic;0.0392;0.0392
perct_VA6P <-> bearish_combined_pressure;-0.0390;0.0390
bullish_asc_ask_bid_delta_imbalance <-> finished_auction_high;0.0389;0.0389
deltaTimestampOpeningSection5min <-> bearish_asc_dynamics;-0.0388;0.0388
bearish_imnbScore_score <-> cumDiffVolDeltaRatio;0.0382;0.0382
diffPriceCloseVWAP <-> bandWidthBB;0.0380;0.0380
bullish_repeatAskBid_ratio <-> imbalance_score_low;0.0379;0.0379
bearish_market_context_score <-> cumDiffVolDeltaRatio;-0.0377;0.0377
range_strength_5_23 <-> price_volume_dynamic;0.0376;0.0376
bearish_asc_dynamics <-> bearish_combined_pressure;-0.0371;0.0371
range_strength_5_23 <-> perct_VA6P;0.0369;0.0369
bearish_imnbScore_score <-> poc_diff_ratio_6P_16P;0.0369;0.0369
bullish_asc_ask_bid_delta_imbalance <-> bear_imbalance_high_2;-0.0368;0.0368
range_strength_5_23 <-> diffPriceClose_VA16PvaH;0.0368;0.0368
VolPocVolCandleRatio <-> bearish_combined_pressure;0.0365;0.0365
bearish_repeatAskBid_ratio <-> price_volume_dynamic;0.0362;0.0362
bearish_market_context_score <-> bandWidthBB;0.0360;0.0360
diffPriceCloseVWAP <-> bullish_repeatAskBid_ratio;-0.0358;0.0358
bullish_ask_ratio <-> poc_diff_ratio_6P_16P;-0.0357;0.0357
perct_VA21P <-> bullish_dsc_ask_bid_delta_imbalance;0.0356;0.0356
bearish_dsc_ask_bid_delta_imbalance <-> bullish_asc_ask_bid_delta_imbalance;-0.0351;0.0351
perct_VA11P <-> bear_imbalance_high_3;-0.0351;0.0351
bullish_dsc_ask_bid_delta_imbalance <-> diffPriceClose_VA16PvaH;0.0351;0.0351
bullish_imnbScore_score <-> bearish_bid_score;-0.0351;0.0351
bearish_imnbScore_score <-> bullish_ask_ratio;0.0345;0.0345
diffPriceCloseVWAP <-> finished_auction_high;0.0342;0.0342
bullish_repeatAskBid_ratio <-> price_volume_dynamic;0.0341;0.0341
bearish_dsc_ask_bid_delta_imbalance <-> finished_auction_high;-0.0333;0.0333
bullish_imnbScore_score <-> bearish_combined_pressure;-0.0332;0.0332
finished_auction_high <-> bullish_ask_score;0.0329;0.0329
bullish_repeatAskBid_ratio <-> finished_auction_high;-0.0328;0.0328
perct_VA11P <-> range_strength_5_23;0.0324;0.0324
bullish_repeatAskBid_ratio <-> bearish_dsc_ask_bid_imbalance;-0.0324;0.0324
bullish_dsc_ask_bid_delta_imbalance <-> poc_diff_ratio_6P_16P;-0.0322;0.0322
bull_imbalance_high_0 <-> bullish_imnbScore_score;0.0321;0.0321
bearish_bid_score <-> poc_diff_ratio_6P_16P;0.0320;0.0320
diffVolCandle_0_1Ratio <-> bandWidthBB;-0.0319;0.0319
range_strength_5_23 <-> bull_imbalance_high_0;0.0318;0.0318
vol_volatility_score <-> bear_imbalance_high_2;-0.0316;0.0316
deltaTimestampOpeningSection5min <-> bearish_combined_pressure;0.0310;0.0310
bearish_bid_score <-> bullish_ask_ratio;0.0310;0.0310
poc_diff_ratio_6P_16P <-> bearish_dsc_ask_bid_imbalance;0.0305;0.0305
cumDiffVolDeltaRatio <-> bear_imbalance_high_2;-0.0304;0.0304
poc_diff_ratio_6P_16P <-> imbalance_score_low;-0.0302;0.0302
bullish_asc_ask_bid_delta_imbalance <-> range_strength_5_23;-0.0301;0.0301
naked_poc_dist_above <-> range_strength_5_23;0.0299;0.0299
bullish_asc_ask_bid_delta_imbalance <-> diffVolCandle_0_1Ratio;0.0299;0.0299
deltaTimestampOpeningSection5min <-> bullish_ask_score;-0.0293;0.0293
bearish_bid_score <-> cumDiffVolDeltaRatio;0.0292;0.0292
bullish_ask_score <-> bear_imbalance_high_2;-0.0292;0.0292
bearish_absorption_intensity_repeat_count <-> bearish_market_context_score;-0.0289;0.0289
bearish_market_context_score <-> bearish_imnbScore_score;-0.0289;0.0289
bearish_combined_pressure <-> bullish_ask_score;-0.0284;0.0284
bullish_imnbScore_score <-> bandWidthBB;0.0282;0.0282
diffVolCandle_0_1Ratio <-> bearish_combined_pressure;-0.0281;0.0281
price_volume_dynamic <-> imbalance_score_low;0.0279;0.0279
bearish_absorption_intensity_repeat_count <-> deltaTimestampOpeningSection5min;0.0277;0.0277
naked_poc_dist_above <-> deltaTimestampOpeningSection5min;-0.0276;0.0276
diffVolCandle_0_1Ratio <-> bullish_ask_ratio;0.0272;0.0272
bullish_imnbScore_score <-> bear_imbalance_high_3;-0.0270;0.0270
bearish_repeatAskBid_ratio <-> bullish_ask_score;0.0268;0.0268
diffPriceCloseVWAP <-> bullish_imnbScore_score;0.0267;0.0267
diffPriceCloseVWAP <-> poc_diff_ratio_6P_16P;0.0265;0.0265
finished_auction_high <-> bandWidthBB;0.0263;0.0263
range_strength_5_23 <-> imbalance_score_low;-0.0262;0.0262
bandWidthBB <-> bear_imbalance_high_2;0.0261;0.0261
naked_poc_dist_above <-> vol_volatility_score;0.0258;0.0258
bearish_market_context_score <-> poc_diff_ratio_6P_16P;0.0257;0.0257
bull_imbalance_high_0 <-> bullish_ask_score;0.0257;0.0257
bear_imbalance_high_3 <-> poc_diff_ratio_6P_16P;0.0255;0.0255
diffPriceCloseVWAP <-> bearish_asc_dynamics;0.0251;0.0251
finished_auction_high <-> bearish_imnbScore_score;-0.0250;0.0250
naked_poc_dist_above <-> diffPriceClose_VA16PvaH;0.0247;0.0247
diffPriceCloseVWAP <-> VolPocVolCandleRatio;0.0246;0.0246
perct_VA11P <-> deltaTimestampOpeningSection5min;0.0242;0.0242
bear_imbalance_high_3 <-> price_volume_dynamic;-0.0242;0.0242
deltaTimestampOpeningSection5min <-> bearish_dsc_ask_bid_imbalance;0.0239;0.0239
diffPriceClose_VA11PvaH <-> poc_diff_ratio_6P_16P;-0.0235;0.0235
bullish_dsc_ask_bid_delta_imbalance <-> bear_imbalance_high_2;-0.0232;0.0232
naked_poc_dist_above <-> bearish_dsc_ask_bid_imbalance;-0.0231;0.0231
deltaTimestampOpeningSection5min <-> perct_VA6P;0.0231;0.0231
finished_auction_high <-> imbalance_score_low;0.0231;0.0231
bearish_market_context_score <-> bear_imbalance_high_3;-0.0230;0.0230
bearish_dsc_ask_bid_delta_imbalance <-> bullish_ask_score;-0.0229;0.0229
bullish_ask_ratio <-> price_volume_dynamic;0.0226;0.0226
bearish_asc_dynamics <-> poc_diff_ratio_6P_16P;-0.0225;0.0225
bearish_dsc_ask_bid_delta_imbalance <-> bullish_imnbScore_score;0.0223;0.0223
bullish_asc_ask_bid_delta_imbalance <-> price_volume_dynamic;0.0223;0.0223
cumDiffVolDeltaRatio <-> bearish_ask_abs_ratio_abv;0.0223;0.0223
bull_imbalance_high_0 <-> poc_diff_ratio_6P_16P;0.0222;0.0222
cumDiffVolDeltaRatio <-> bearish_dsc_ask_bid_imbalance;0.0222;0.0222
bearish_absorption_intensity_repeat_count <-> bearish_combined_pressure;-0.0221;0.0221
naked_poc_dist_above <-> diffPriceClose_VA11PvaH;0.0221;0.0221
deltaTimestampOpeningSection5min <-> bearish_imnbScore_score;-0.0219;0.0219
bearish_market_context_score <-> range_strength_5_23;-0.0216;0.0216
naked_poc_dist_above <-> bearish_bid_score;-0.0215;0.0215
finished_auction_high <-> bullish_ask_ratio;0.0214;0.0214
bullish_repeatAskBid_ratio <-> bear_imbalance_high_2;-0.0213;0.0213
finished_auction_high <-> vol_volatility_score;-0.0212;0.0212
bearish_dsc_ask_bid_delta_imbalance <-> range_strength_5_23;-0.0211;0.0211
range_strength_5_23 <-> bear_imbalance_high_2;-0.0211;0.0211
bearish_repeatAskBid_ratio <-> bullish_imnbScore_score;0.0210;0.0210
bullish_dsc_ask_bid_delta_imbalance <-> bandWidthBB;-0.0210;0.0210
diffPriceCloseVWAP <-> bearish_market_context_score;-0.0208;0.0208
diffVolCandle_0_1Ratio <-> bull_imbalance_high_0;0.0208;0.0208
diffPriceCloseVWAP <-> vol_volatility_score;0.0207;0.0207
price_volume_dynamic <-> bear_imbalance_high_2;-0.0206;0.0206
naked_poc_dist_above <-> bearish_repeatAskBid_ratio;-0.0205;0.0205
perct_VA21P <-> range_strength_5_23;-0.0204;0.0204
perct_VA21P <-> deltaTimestampOpeningSection5min;0.0204;0.0204
bull_imbalance_high_0 <-> bear_imbalance_high_3;0.0203;0.0203
price_volume_dynamic <-> poc_diff_ratio_6P_16P;0.0203;0.0203
poc_diff_ratio_6P_16P <-> bear_imbalance_high_2;0.0200;0.0200
deltaTimestampOpeningSection5min <-> bear_imbalance_high_3;0.0197;0.0197
bull_imbalance_high_0 <-> bear_imbalance_high_2;0.0195;0.0195
bearish_combined_pressure <-> bandWidthBB;-0.0194;0.0194
naked_poc_dist_above <-> bearish_imnbScore_score;-0.0193;0.0193
deltaTimestampOpeningSection5min <-> diffPriceClose_VA11PvaH;0.0193;0.0193
bull_imbalance_high_0 <-> diffPriceClose_VA16PvaH;0.0192;0.0192
perct_VA11P <-> poc_diff_ratio_6P_16P;-0.0191;0.0191
bearish_combined_pressure <-> bearish_imnbScore_score;0.0185;0.0185
bearish_market_context_score <-> naked_poc_dist_above;-0.0182;0.0182
vol_volatility_score <-> poc_diff_ratio_6P_16P;-0.0174;0.0174
bearish_combined_pressure <-> bullish_ask_ratio;-0.0173;0.0173
perct_VA11P <-> diffPriceCloseVWAP;0.0172;0.0172
bearish_market_context_score <-> finished_auction_high;-0.0172;0.0172
range_strength_5_23 <-> bearish_dsc_ask_bid_imbalance;-0.0167;0.0167
bearish_absorption_intensity_repeat_count <-> diffPriceCloseVWAP;-0.0166;0.0166
diffHighPrice_0_4 <-> deltaTimestampOpeningSection5min;0.0165;0.0165
naked_poc_dist_above <-> bearish_asc_dynamics;0.0162;0.0162
diffPriceCloseVWAP <-> diffVolCandle_0_1Ratio;0.0161;0.0161
diffHighPrice_0_4 <-> range_strength_5_23;-0.0160;0.0160
diffPriceCloseVWAP <-> bearish_imnbScore_score;0.0160;0.0160
naked_poc_dist_above <-> poc_diff_ratio_6P_16P;-0.0160;0.0160
bull_imbalance_high_0 <-> perct_VA6P;-0.0160;0.0160
perct_VA21P <-> bull_imbalance_high_0;0.0158;0.0158
deltaTimestampOpeningSection5min <-> diffPriceClose_VA16PvaH;0.0157;0.0157
bull_imbalance_high_0 <-> perctBB;0.0156;0.0156
bandWidthBB <-> bullish_ask_ratio;-0.0156;0.0156
bearish_combined_pressure <-> imbalance_score_low;-0.0155;0.0155
range_strength_5_23 <-> bullish_dsc_ask_bid_delta_imbalance;-0.0150;0.0150
finished_auction_high <-> bearish_combined_pressure;-0.0147;0.0147
naked_poc_dist_above <-> imbalance_score_low;0.0145;0.0145
range_strength_5_23 <-> bearish_asc_dynamics;-0.0145;0.0145
bullish_imnbScore_score <-> bear_imbalance_high_2;-0.0143;0.0143
bearish_dsc_ask_bid_delta_imbalance <-> deltaTimestampOpeningSection5min;-0.0142;0.0142
deltaTimestampOpeningSection5min <-> vol_volatility_score;-0.0133;0.0133
bearish_repeatAskBid_ratio <-> cumDiffVolDeltaRatio;0.0132;0.0132
bullish_ask_score <-> poc_diff_ratio_6P_16P;-0.0130;0.0130
finished_auction_high <-> poc_diff_ratio_6P_16P;0.0124;0.0124
diffPriceCloseVWAP <-> bearish_ask_abs_ratio_abv;0.0121;0.0121
diffPriceCloseVWAP <-> perct_VA6P;-0.0120;0.0120
bull_imbalance_high_0 <-> bearish_imnbScore_score;-0.0119;0.0119
bullish_dsc_ask_bid_delta_imbalance <-> bearish_dsc_ask_bid_imbalance;0.0119;0.0119
deltaTimestampOpeningSection5min <-> perctBB;0.0116;0.0116
bearish_combined_pressure <-> bearish_ask_abs_ratio_abv;0.0110;0.0110
diffPriceCloseVWAP <-> bearish_dsc_ask_bid_imbalance;-0.0106;0.0106
bearish_combined_pressure <-> bearish_dsc_ask_bid_imbalance;-0.0105;0.0105
bearish_dsc_ask_bid_delta_imbalance <-> perct_VA6P;0.0103;0.0103
finished_auction_high <-> bear_imbalance_high_2;0.0103;0.0103
bearish_market_context_score <-> deltaTimestampOpeningSection5min;-0.0102;0.0102
deltaTimestampOpeningSection5min <-> poc_diff_ratio_6P_16P;-0.0101;0.0101
perct_VA6P <-> price_volume_dynamic;-0.0100;0.0100
deltaTimestampOpeningSection5min <-> VolPocVolCandleRatio;0.0098;0.0098
finished_auction_high <-> bear_imbalance_high_3;-0.0095;0.0095
naked_poc_dist_above <-> finished_auction_high;0.0093;0.0093
bullish_asc_ask_bid_delta_imbalance <-> bearish_combined_pressure;-0.0093;0.0093
bear_imbalance_high_3 <-> cumDiffVolDeltaRatio;0.0093;0.0093
deltaTimestampOpeningSection5min <-> bandWidthBB;0.0090;0.0090
bullish_repeatAskBid_ratio <-> cumDiffVolDeltaRatio;-0.0090;0.0090
bearish_combined_pressure <-> bear_imbalance_high_3;0.0088;0.0088
bearish_dsc_ask_bid_delta_imbalance <-> diffPriceCloseVWAP;-0.0087;0.0087
diffPriceCloseVWAP <-> bullish_ask_score;0.0087;0.0087
range_strength_5_23 <-> diffVolCandle_0_1Ratio;0.0085;0.0085
bullish_imnbScore_score <-> bearish_imnbScore_score;0.0085;0.0085
bullish_imnbScore_score <-> poc_diff_ratio_6P_16P;0.0084;0.0084
bull_imbalance_high_0 <-> bandWidthBB;0.0083;0.0083
deltaTimestampOpeningSection5min <-> bullish_ask_ratio;-0.0083;0.0083
diffPriceCloseVWAP <-> bullish_dsc_ask_bid_delta_imbalance;-0.0082;0.0082
deltaTimestampOpeningSection5min <-> imbalance_score_low;-0.0081;0.0081
diffPriceCloseVWAP <-> bullish_ask_ratio;-0.0080;0.0080
bearish_asc_dynamics <-> cumDiffVolDeltaRatio;-0.0076;0.0076
diffPriceCloseVWAP <-> bear_imbalance_high_3;0.0075;0.0075
bull_imbalance_high_0 <-> diffPriceClose_VA11PvaH;0.0075;0.0075
deltaTimestampOpeningSection5min <-> cumDiffVolDeltaRatio;-0.0075;0.0075
perct_VA6P <-> bear_imbalance_high_3;-0.0075;0.0075
bullish_dsc_ask_bid_delta_imbalance <-> price_volume_dynamic;0.0074;0.0074
bull_imbalance_high_0 <-> imbalance_score_low;-0.0073;0.0073
bearish_combined_pressure <-> bearish_bid_score;-0.0073;0.0073
naked_poc_dist_above <-> bullish_dsc_ask_bid_delta_imbalance;0.0070;0.0070
naked_poc_dist_above <-> bear_imbalance_high_3;-0.0069;0.0069
naked_poc_dist_above <-> diffVolCandle_0_1Ratio;0.0068;0.0068
bearish_dsc_ask_bid_delta_imbalance <-> cumDiffVolDeltaRatio;0.0067;0.0067
naked_poc_dist_above <-> cumDiffVolDeltaRatio;-0.0066;0.0066
range_strength_5_23 <-> bearish_bid_score;0.0066;0.0066
bullish_dsc_ask_bid_delta_imbalance <-> finished_auction_high;0.0066;0.0066
bullish_dsc_ask_bid_delta_imbalance <-> bearish_combined_pressure;-0.0066;0.0066
bearish_dsc_ask_bid_delta_imbalance <-> naked_poc_dist_above;0.0065;0.0065
bullish_asc_ask_bid_delta_imbalance <-> bandWidthBB;0.0065;0.0065
perct_VA21P <-> naked_poc_dist_above;0.0061;0.0061
naked_poc_dist_above <-> bull_imbalance_high_0;-0.0061;0.0061
diffVolCandle_0_1Ratio <-> poc_diff_ratio_6P_16P;0.0058;0.0058
naked_poc_dist_above <-> bear_imbalance_high_2;-0.0057;0.0057
bullish_dsc_ask_bid_delta_imbalance <-> bearish_bid_score;0.0057;0.0057
naked_poc_dist_above <-> perctBB;-0.0055;0.0055
bullish_dsc_ask_bid_delta_imbalance <-> bearish_imnbScore_score;0.0055;0.0055
diffHighPrice_0_4 <-> bull_imbalance_high_0;0.0052;0.0052
perct_VA11P <-> bull_imbalance_high_0;-0.0051;0.0051
diffPriceCloseVWAP <-> imbalance_score_low;-0.0051;0.0051
range_strength_5_23 <-> bear_imbalance_high_3;0.0050;0.0050
range_strength_5_23 <-> bearish_imnbScore_score;0.0050;0.0050
bull_imbalance_high_0 <-> bullish_ask_ratio;0.0050;0.0050
bearish_dsc_ask_bid_delta_imbalance <-> bullish_ask_ratio;0.0048;0.0048
bearish_dsc_ask_bid_delta_imbalance <-> bullish_dsc_ask_bid_delta_imbalance;0.0044;0.0044
naked_poc_dist_above <-> bullish_ask_ratio;0.0042;0.0042
perct_VA11P <-> naked_poc_dist_above;-0.0041;0.0041
naked_poc_dist_above <-> VolPocVolCandleRatio;-0.0039;0.0039
naked_poc_dist_above <-> perct_VA6P;-0.0038;0.0038
naked_poc_dist_above <-> bullish_ask_score;-0.0037;0.0037
diffHighPrice_0_4 <-> naked_poc_dist_above;0.0034;0.0034
bearish_imnbScore_score <-> price_volume_dynamic;0.0034;0.0034
naked_poc_dist_above <-> bearish_ask_abs_ratio_abv;0.0029;0.0029
range_strength_5_23 <-> bearish_combined_pressure;-0.0029;0.0029
naked_poc_dist_above <-> bullish_imnbScore_score;-0.0028;0.0028
bullish_dsc_ask_bid_delta_imbalance <-> deltaTimestampOpeningSection5min;0.0027;0.0027
deltaTimestampOpeningSection5min <-> bearish_bid_score;0.0027;0.0027
bearish_combined_pressure <-> poc_diff_ratio_6P_16P;-0.0019;0.0019
bull_imbalance_high_0 <-> bullish_dsc_ask_bid_delta_imbalance;-0.0016;0.0016
bandWidthBB <-> bullish_ask_score;0.0016;0.0016
naked_poc_dist_above <-> bullish_repeatAskBid_ratio;0.0014;0.0014
diffPriceCloseVWAP <-> bear_imbalance_high_2;0.0013;0.0013
naked_poc_dist_above <-> bullish_asc_ask_bid_delta_imbalance;-0.0013;0.0013
diffVolCandle_0_1Ratio <-> deltaTimestampOpeningSection5min;-0.0013;0.0013
deltaTimestampOpeningSection5min <-> price_volume_dynamic;0.0013;0.0013
diffVolCandle_0_1Ratio <-> bullish_dsc_ask_bid_delta_imbalance;0.0012;0.0012
diffPriceCloseVWAP <-> bullish_asc_ask_bid_delta_imbalance;-0.0010;0.0010
bearish_absorption_intensity_repeat_count <-> naked_poc_dist_above;-0.0006;0.0006
diffPriceCloseVWAP <-> bearish_bid_score;-0.0006;0.0006
bearish_combined_pressure <-> bear_imbalance_high_2;-0.0006;0.0006
bullish_asc_ask_bid_delta_imbalance <-> poc_diff_ratio_6P_16P;-0.0004;0.0004
